{
  "pools": [
    {
      "rolls": 1,
      "entries": [
        {
          "type": "minecraft:item",
          "name": "minecraft:clock",
          "functions": [
            {
              "function": "minecraft:set_nbt",
              "tag": "{CustomModelData:6900003,display:{Name:'{\"translate\":\"item.veh.aquamarine\",\"italic\":false}'},ctc:{id:\"aquamarine\",from:\"asdru:vehemence\"}}"
            }
          ]
        }
      ],
      "functions": [
        {
          "function": "minecraft:set_lore",
          "entity": "this",
          "lore": [
            {
              "translate": "pack.veh",
              "color": "#0EB294",
              "italic": "false"
            }
          ]
        }
      ]
    }
  ]
}