{
  "criteria": {
    "requirement": {
      "trigger": "minecraft:player_interacted_with_entity",
      "conditions": {
        "player": {
          "equipment": {
            "mainhand": {
              "tag": "acbag:cauldron_usable"
            }
          }
        },
        "entity": {
          "type": "minecraft:wandering_trader",
          "nbt": "{Tags:[\"acbag.soul_cauldron\"]}"
        }
      }
    }
  },
  "rewards": {
    "function": "acbag:block/soul_cauldron/check_use"
  }
}
