{
  "type": "minecraft:block",
  "pools": [
    {
      "rolls": 1,
      "entries": [
        {
          "type": "minecraft:loot_table",
          "name": "acbag:items/haunted_seeds"
        }
      ],
      "conditions": [
        {
          "condition": "minecraft:reference",
          "name": "acbag:chance/5"
        },
        {
          "condition": "minecraft:entity_properties",
          "entity": "this",
          "predicate": {
            "nbt": "{Inventory:[{id:\"minecraft:bundle\",tag:{Items:[{id:\"minecraft:repeating_command_block\",tag:{ctc:{id:\"pruning_shears\",from:\"asdru:accessory_bag\"}}}],ctc:{id:\"accessory_bag\",from:\"asdru:accessory_bag\"}}}]}",
            "location": {
              "dimension": "acbag:spectral_plane"
            }
          }
        }
      ]
    },
    {
      "rolls": 1,
      "entries": [
        {
          "type": "minecraft:loot_table",
          "name": "acbag:items/rosemary"
        }
      ],
      "conditions": [
        {
          "condition": "minecraft:reference",
          "name": "acbag:chance/15"
        },
        {
          "condition": "minecraft:entity_properties",
          "entity": "this",
          "predicate": {
            "nbt": "{Inventory:[{id:\"minecraft:bundle\",tag:{Items:[{id:\"minecraft:repeating_command_block\",tag:{ctc:{id:\"pruning_shears\",from:\"asdru:accessory_bag\"}}}],ctc:{id:\"accessory_bag\",from:\"asdru:accessory_bag\"}}}]}",
            "location": {
              "biome": "minecraft:desert"
            }
          }
        }
      ]
    },
    {
      "rolls": 1,
      "bonus_rolls": 0,
      "entries": [
        {
          "type": "minecraft:alternatives",
          "children": [
            {
              "type": "minecraft:item",
              "name": "minecraft:grass",
              "conditions": [
                {
                  "condition": "minecraft:match_tool",
                  "predicate": {
                    "items": [
                      "minecraft:shears"
                    ]
                  }
                }
              ]
            },
            {
              "type": "minecraft:item",
              "name": "minecraft:wheat_seeds",
              "functions": [
                {
                  "function": "minecraft:apply_bonus",
                  "enchantment": "minecraft:fortune",
                  "formula": "minecraft:uniform_bonus_count",
                  "parameters": {
                    "bonusMultiplier": 2
                  }
                },
                {
                  "function": "minecraft:explosion_decay"
                }
              ],
              "conditions": [
                {
                  "condition": "minecraft:random_chance",
                  "chance": 0.125
                }
              ]
            }
          ]
        }
      ]
    }
  ]
}
