{
  "parent": "item/generated",
  "textures": {
      "layer0": "minecraft:item/oak_sign"
  },
  "overrides": [
      { "predicate": {"custom_model_data": 6900000}, "model": "acbag:item/damage_blessing"},
      { "predicate": {"custom_model_data": 6900001}, "model": "acbag:item/sweeping_blessing"},
      { "predicate": {"custom_model_data": 6900002}, "model": "acbag:item/celestial_blessing"},
      { "predicate": {"custom_model_data": 6900003}, "model": "acbag:item/highlander_blessing"},
      { "predicate": {"custom_model_data": 6900004}, "model": "acbag:item/vampire_blessing"},
      { "predicate": {"custom_model_data": 6900005}, "model": "acbag:item/pyromancer_blessing"}
  ]
} 
