{
  "type": "minecraft:entity",
  "pools": [
    {
      "rolls": 1,
      "entries": [
        {
          "type": "minecraft:loot_table",
          "weight": 1,
          "name": "acbag:items/truffle_red"
        },
        {
          "type": "minecraft:loot_table",
          "weight": 1,
          "name": "acbag:items/truffle_blue"
        },
        {
          "type": "minecraft:loot_table",
          "weight": 1,
          "name": "acbag:items/truffle_purple"
        },
        {
          "type": "minecraft:loot_table",
          "weight": 1,
          "name": "acbag:items/truffle_green"
        },
        {
          "type": "minecraft:loot_table",
          "weight": 1,
          "name": "acbag:items/truffle_white"
        }
      ]
    }
  ]
}