{
  "type": "minecraft:entity",
  "pools": [
    {
      "rolls": 1,
      "entries": [
        {
          "type": "minecraft:loot_table",
          "weight": 15,
          "quality": 1,
          "name": "acbag:items/eternal_tear"
        },
        {
          "type": "minecraft:loot_table",
          "weight": 1,
          "quality": 8,
          "name": "acbag:items/star_dial"
        },
        {
          "type": "minecraft:loot_table",
          "weight": 8,
          "quality": 4,
          "name": "acbag:items/gleaming_thread"
        }
      ]
    }
  ]
}