{
  "criteria": {
    "arrow": {
      "trigger": "minecraft:entity_hurt_player",
      "conditions": {
        "player": {
          "nbt": "{Inventory:[{id:\"minecraft:bundle\",tag:{Items:[{id:\"minecraft:repeating_command_block\",tag:{ctc:{id:\"surgical_glove\",from:\"asdru:accessory_bag\"}}}],ctc:{id:\"accessory_bag\",from:\"asdru:accessory_bag\"}}}]}"
        },
        "damage": {
          "type": {
            "direct_entity": {
              "type": "minecraft:arrow"
            }
          }
        }
      }
    }
  },
  "rewards": {
    "function": "acbag:entity/player/when_hit/acc/surgical_glove"
  }
}
