{
  "criteria": {
    "mob": {
      "trigger": "minecraft:player_hurt_entity",
      "conditions": {
        "entity": {
          "type": "#acbag:mobs"
        }
      }
    },
    "not_mob": {
      "trigger": "minecraft:player_hurt_entity",
      "conditions": {
        "entity": [
          {
            "condition": "minecraft:inverted",
            "term": {
              "condition": "minecraft:entity_properties",
              "entity": "this",
              "predicate": {
                "type": "#acbag:mobs"
              }
            }
          }
        ]
      }
    },
    "bit0": {
      "trigger": "minecraft:player_hurt_entity",
      "conditions": {
        "entity": [
          {
            "condition": "minecraft:entity_scores",
            "entity": "this",
            "scores": {
              "acbag.id.0": 1
            }
          }
        ]
      }
    },
    "bit1": {
      "trigger": "minecraft:player_hurt_entity",
      "conditions": {
        "entity": [
          {
            "condition": "minecraft:entity_scores",
            "entity": "this",
            "scores": {
              "acbag.id.1": 1
            }
          }
        ]
      }
    },
    "bit2": {
      "trigger": "minecraft:player_hurt_entity",
      "conditions": {
        "entity": [
          {
            "condition": "minecraft:entity_scores",
            "entity": "this",
            "scores": {
              "acbag.id.2": 1
            }
          }
        ]
      }
    },
    "bit3": {
      "trigger": "minecraft:player_hurt_entity",
      "conditions": {
        "entity": [
          {
            "condition": "minecraft:entity_scores",
            "entity": "this",
            "scores": {
              "acbag.id.3": 1
            }
          }
        ]
      }
    },
    "bit4": {
      "trigger": "minecraft:player_hurt_entity",
      "conditions": {
        "entity": [
          {
            "condition": "minecraft:entity_scores",
            "entity": "this",
            "scores": {
              "acbag.id.4": 1
            }
          }
        ]
      }
    },
    "bit5": {
      "trigger": "minecraft:player_hurt_entity",
      "conditions": {
        "entity": [
          {
            "condition": "minecraft:entity_scores",
            "entity": "this",
            "scores": {
              "acbag.id.5": 1
            }
          }
        ]
      }
    },
    "bit6": {
      "trigger": "minecraft:player_hurt_entity",
      "conditions": {
        "entity": [
          {
            "condition": "minecraft:entity_scores",
            "entity": "this",
            "scores": {
              "acbag.id.6": 1
            }
          }
        ]
      }
    },
    "bit7": {
      "trigger": "minecraft:player_hurt_entity",
      "conditions": {
        "entity": [
          {
            "condition": "minecraft:entity_scores",
            "entity": "this",
            "scores": {
              "acbag.id.7": 1
            }
          }
        ]
      }
    },
    "bit8": {
      "trigger": "minecraft:player_hurt_entity",
      "conditions": {
        "entity": [
          {
            "condition": "minecraft:entity_scores",
            "entity": "this",
            "scores": {
              "acbag.id.8": 1
            }
          }
        ]
      }
    },
    "bit9": {
      "trigger": "minecraft:player_hurt_entity",
      "conditions": {
        "entity": [
          {
            "condition": "minecraft:entity_scores",
            "entity": "this",
            "scores": {
              "acbag.id.9": 1
            }
          }
        ]
      }
    },
    "bit10": {
      "trigger": "minecraft:player_hurt_entity",
      "conditions": {
        "entity": [
          {
            "condition": "minecraft:entity_scores",
            "entity": "this",
            "scores": {
              "acbag.id.10": 1
            }
          }
        ]
      }
    },
    "bit11": {
      "trigger": "minecraft:player_hurt_entity",
      "conditions": {
        "entity": [
          {
            "condition": "minecraft:entity_scores",
            "entity": "this",
            "scores": {
              "acbag.id.11": 1
            }
          }
        ]
      }
    },
    "bit12": {
      "trigger": "minecraft:player_hurt_entity",
      "conditions": {
        "entity": [
          {
            "condition": "minecraft:entity_scores",
            "entity": "this",
            "scores": {
              "acbag.id.12": 1
            }
          }
        ]
      }
    },
    "bit13": {
      "trigger": "minecraft:player_hurt_entity",
      "conditions": {
        "entity": [
          {
            "condition": "minecraft:entity_scores",
            "entity": "this",
            "scores": {
              "acbag.id.13": 1
            }
          }
        ]
      }
    },
    "bit14": {
      "trigger": "minecraft:player_hurt_entity",
      "conditions": {
        "entity": [
          {
            "condition": "minecraft:entity_scores",
            "entity": "this",
            "scores": {
              "acbag.id.14": 1
            }
          }
        ]
      }
    },
    "bit15": {
      "trigger": "minecraft:player_hurt_entity",
      "conditions": {
        "entity": [
          {
            "condition": "minecraft:entity_scores",
            "entity": "this",
            "scores": {
              "acbag.id.15": 1
            }
          }
        ]
      }
    },
    "bit16": {
      "trigger": "minecraft:player_hurt_entity",
      "conditions": {
        "entity": [
          {
            "condition": "minecraft:entity_scores",
            "entity": "this",
            "scores": {
              "acbag.id.16": 1
            }
          }
        ]
      }
    },
    "bit17": {
      "trigger": "minecraft:player_hurt_entity",
      "conditions": {
        "entity": [
          {
            "condition": "minecraft:entity_scores",
            "entity": "this",
            "scores": {
              "acbag.id.17": 1
            }
          }
        ]
      }
    },
    "bit18": {
      "trigger": "minecraft:player_hurt_entity",
      "conditions": {
        "entity": [
          {
            "condition": "minecraft:entity_scores",
            "entity": "this",
            "scores": {
              "acbag.id.18": 1
            }
          }
        ]
      }
    },
    "bit19": {
      "trigger": "minecraft:player_hurt_entity",
      "conditions": {
        "entity": [
          {
            "condition": "minecraft:entity_scores",
            "entity": "this",
            "scores": {
              "acbag.id.19": 1
            }
          }
        ]
      }
    },
    "bit20": {
      "trigger": "minecraft:player_hurt_entity",
      "conditions": {
        "entity": [
          {
            "condition": "minecraft:entity_scores",
            "entity": "this",
            "scores": {
              "acbag.id.20": 1
            }
          }
        ]
      }
    },
    "bit21": {
      "trigger": "minecraft:player_hurt_entity",
      "conditions": {
        "entity": [
          {
            "condition": "minecraft:entity_scores",
            "entity": "this",
            "scores": {
              "acbag.id.21": 1
            }
          }
        ]
      }
    },
    "bit22": {
      "trigger": "minecraft:player_hurt_entity",
      "conditions": {
        "entity": [
          {
            "condition": "minecraft:entity_scores",
            "entity": "this",
            "scores": {
              "acbag.id.22": 1
            }
          }
        ]
      }
    },
    "bit23": {
      "trigger": "minecraft:player_hurt_entity",
      "conditions": {
        "entity": [
          {
            "condition": "minecraft:entity_scores",
            "entity": "this",
            "scores": {
              "acbag.id.23": 1
            }
          }
        ]
      }
    },
    "bit24": {
      "trigger": "minecraft:player_hurt_entity",
      "conditions": {
        "entity": [
          {
            "condition": "minecraft:entity_scores",
            "entity": "this",
            "scores": {
              "acbag.id.24": 1
            }
          }
        ]
      }
    },
    "bit25": {
      "trigger": "minecraft:player_hurt_entity",
      "conditions": {
        "entity": [
          {
            "condition": "minecraft:entity_scores",
            "entity": "this",
            "scores": {
              "acbag.id.25": 1
            }
          }
        ]
      }
    },
    "bit26": {
      "trigger": "minecraft:player_hurt_entity",
      "conditions": {
        "entity": [
          {
            "condition": "minecraft:entity_scores",
            "entity": "this",
            "scores": {
              "acbag.id.26": 1
            }
          }
        ]
      }
    },
    "bit27": {
      "trigger": "minecraft:player_hurt_entity",
      "conditions": {
        "entity": [
          {
            "condition": "minecraft:entity_scores",
            "entity": "this",
            "scores": {
              "acbag.id.27": 1
            }
          }
        ]
      }
    },
    "bit28": {
      "trigger": "minecraft:player_hurt_entity",
      "conditions": {
        "entity": [
          {
            "condition": "minecraft:entity_scores",
            "entity": "this",
            "scores": {
              "acbag.id.28": 1
            }
          }
        ]
      }
    },
    "bit29": {
      "trigger": "minecraft:player_hurt_entity",
      "conditions": {
        "entity": [
          {
            "condition": "minecraft:entity_scores",
            "entity": "this",
            "scores": {
              "acbag.id.29": 1
            }
          }
        ]
      }
    },
    "bit30": {
      "trigger": "minecraft:player_hurt_entity",
      "conditions": {
        "entity": [
          {
            "condition": "minecraft:entity_scores",
            "entity": "this",
            "scores": {
              "acbag.id.30": 1
            }
          }
        ]
      }
    },
    "bit31": {
      "trigger": "minecraft:player_hurt_entity",
      "conditions": {
        "entity": [
          {
            "condition": "minecraft:entity_scores",
            "entity": "this",
            "scores": {
              "acbag.id.31": 1
            }
          }
        ]
      }
    },
    "!bit0": {
      "trigger": "minecraft:player_hurt_entity",
      "conditions": {
        "entity": [
          {
            "condition": "minecraft:entity_scores",
            "entity": "this",
            "scores": {
              "acbag.id.0": 0
            }
          }
        ]
      }
    },
    "!bit1": {
      "trigger": "minecraft:player_hurt_entity",
      "conditions": {
        "entity": [
          {
            "condition": "minecraft:entity_scores",
            "entity": "this",
            "scores": {
              "acbag.id.1": 0
            }
          }
        ]
      }
    },
    "!bit2": {
      "trigger": "minecraft:player_hurt_entity",
      "conditions": {
        "entity": [
          {
            "condition": "minecraft:entity_scores",
            "entity": "this",
            "scores": {
              "acbag.id.2": 0
            }
          }
        ]
      }
    },
    "!bit3": {
      "trigger": "minecraft:player_hurt_entity",
      "conditions": {
        "entity": [
          {
            "condition": "minecraft:entity_scores",
            "entity": "this",
            "scores": {
              "acbag.id.3": 0
            }
          }
        ]
      }
    },
    "!bit4": {
      "trigger": "minecraft:player_hurt_entity",
      "conditions": {
        "entity": [
          {
            "condition": "minecraft:entity_scores",
            "entity": "this",
            "scores": {
              "acbag.id.4": 0
            }
          }
        ]
      }
    },
    "!bit5": {
      "trigger": "minecraft:player_hurt_entity",
      "conditions": {
        "entity": [
          {
            "condition": "minecraft:entity_scores",
            "entity": "this",
            "scores": {
              "acbag.id.5": 0
            }
          }
        ]
      }
    },
    "!bit6": {
      "trigger": "minecraft:player_hurt_entity",
      "conditions": {
        "entity": [
          {
            "condition": "minecraft:entity_scores",
            "entity": "this",
            "scores": {
              "acbag.id.6": 0
            }
          }
        ]
      }
    },
    "!bit7": {
      "trigger": "minecraft:player_hurt_entity",
      "conditions": {
        "entity": [
          {
            "condition": "minecraft:entity_scores",
            "entity": "this",
            "scores": {
              "acbag.id.7": 0
            }
          }
        ]
      }
    },
    "!bit8": {
      "trigger": "minecraft:player_hurt_entity",
      "conditions": {
        "entity": [
          {
            "condition": "minecraft:entity_scores",
            "entity": "this",
            "scores": {
              "acbag.id.8": 0
            }
          }
        ]
      }
    },
    "!bit9": {
      "trigger": "minecraft:player_hurt_entity",
      "conditions": {
        "entity": [
          {
            "condition": "minecraft:entity_scores",
            "entity": "this",
            "scores": {
              "acbag.id.9": 0
            }
          }
        ]
      }
    },
    "!bit10": {
      "trigger": "minecraft:player_hurt_entity",
      "conditions": {
        "entity": [
          {
            "condition": "minecraft:entity_scores",
            "entity": "this",
            "scores": {
              "acbag.id.10": 0
            }
          }
        ]
      }
    },
    "!bit11": {
      "trigger": "minecraft:player_hurt_entity",
      "conditions": {
        "entity": [
          {
            "condition": "minecraft:entity_scores",
            "entity": "this",
            "scores": {
              "acbag.id.11": 0
            }
          }
        ]
      }
    },
    "!bit12": {
      "trigger": "minecraft:player_hurt_entity",
      "conditions": {
        "entity": [
          {
            "condition": "minecraft:entity_scores",
            "entity": "this",
            "scores": {
              "acbag.id.12": 0
            }
          }
        ]
      }
    },
    "!bit13": {
      "trigger": "minecraft:player_hurt_entity",
      "conditions": {
        "entity": [
          {
            "condition": "minecraft:entity_scores",
            "entity": "this",
            "scores": {
              "acbag.id.13": 0
            }
          }
        ]
      }
    },
    "!bit14": {
      "trigger": "minecraft:player_hurt_entity",
      "conditions": {
        "entity": [
          {
            "condition": "minecraft:entity_scores",
            "entity": "this",
            "scores": {
              "acbag.id.14": 0
            }
          }
        ]
      }
    },
    "!bit15": {
      "trigger": "minecraft:player_hurt_entity",
      "conditions": {
        "entity": [
          {
            "condition": "minecraft:entity_scores",
            "entity": "this",
            "scores": {
              "acbag.id.15": 0
            }
          }
        ]
      }
    },
    "!bit16": {
      "trigger": "minecraft:player_hurt_entity",
      "conditions": {
        "entity": [
          {
            "condition": "minecraft:entity_scores",
            "entity": "this",
            "scores": {
              "acbag.id.16": 0
            }
          }
        ]
      }
    },
    "!bit17": {
      "trigger": "minecraft:player_hurt_entity",
      "conditions": {
        "entity": [
          {
            "condition": "minecraft:entity_scores",
            "entity": "this",
            "scores": {
              "acbag.id.17": 0
            }
          }
        ]
      }
    },
    "!bit18": {
      "trigger": "minecraft:player_hurt_entity",
      "conditions": {
        "entity": [
          {
            "condition": "minecraft:entity_scores",
            "entity": "this",
            "scores": {
              "acbag.id.18": 0
            }
          }
        ]
      }
    },
    "!bit19": {
      "trigger": "minecraft:player_hurt_entity",
      "conditions": {
        "entity": [
          {
            "condition": "minecraft:entity_scores",
            "entity": "this",
            "scores": {
              "acbag.id.19": 0
            }
          }
        ]
      }
    },
    "!bit20": {
      "trigger": "minecraft:player_hurt_entity",
      "conditions": {
        "entity": [
          {
            "condition": "minecraft:entity_scores",
            "entity": "this",
            "scores": {
              "acbag.id.20": 0
            }
          }
        ]
      }
    },
    "!bit21": {
      "trigger": "minecraft:player_hurt_entity",
      "conditions": {
        "entity": [
          {
            "condition": "minecraft:entity_scores",
            "entity": "this",
            "scores": {
              "acbag.id.21": 0
            }
          }
        ]
      }
    },
    "!bit22": {
      "trigger": "minecraft:player_hurt_entity",
      "conditions": {
        "entity": [
          {
            "condition": "minecraft:entity_scores",
            "entity": "this",
            "scores": {
              "acbag.id.22": 0
            }
          }
        ]
      }
    },
    "!bit23": {
      "trigger": "minecraft:player_hurt_entity",
      "conditions": {
        "entity": [
          {
            "condition": "minecraft:entity_scores",
            "entity": "this",
            "scores": {
              "acbag.id.23": 0
            }
          }
        ]
      }
    },
    "!bit24": {
      "trigger": "minecraft:player_hurt_entity",
      "conditions": {
        "entity": [
          {
            "condition": "minecraft:entity_scores",
            "entity": "this",
            "scores": {
              "acbag.id.24": 0
            }
          }
        ]
      }
    },
    "!bit25": {
      "trigger": "minecraft:player_hurt_entity",
      "conditions": {
        "entity": [
          {
            "condition": "minecraft:entity_scores",
            "entity": "this",
            "scores": {
              "acbag.id.25": 0
            }
          }
        ]
      }
    },
    "!bit26": {
      "trigger": "minecraft:player_hurt_entity",
      "conditions": {
        "entity": [
          {
            "condition": "minecraft:entity_scores",
            "entity": "this",
            "scores": {
              "acbag.id.26": 0
            }
          }
        ]
      }
    },
    "!bit27": {
      "trigger": "minecraft:player_hurt_entity",
      "conditions": {
        "entity": [
          {
            "condition": "minecraft:entity_scores",
            "entity": "this",
            "scores": {
              "acbag.id.27": 0
            }
          }
        ]
      }
    },
    "!bit28": {
      "trigger": "minecraft:player_hurt_entity",
      "conditions": {
        "entity": [
          {
            "condition": "minecraft:entity_scores",
            "entity": "this",
            "scores": {
              "acbag.id.28": 0
            }
          }
        ]
      }
    },
    "!bit29": {
      "trigger": "minecraft:player_hurt_entity",
      "conditions": {
        "entity": [
          {
            "condition": "minecraft:entity_scores",
            "entity": "this",
            "scores": {
              "acbag.id.29": 0
            }
          }
        ]
      }
    },
    "!bit30": {
      "trigger": "minecraft:player_hurt_entity",
      "conditions": {
        "entity": [
          {
            "condition": "minecraft:entity_scores",
            "entity": "this",
            "scores": {
              "acbag.id.30": 0
            }
          }
        ]
      }
    },
    "!bit31": {
      "trigger": "minecraft:player_hurt_entity",
      "conditions": {
        "entity": [
          {
            "condition": "minecraft:entity_scores",
            "entity": "this",
            "scores": {
              "acbag.id.31": 0
            }
          }
        ]
      }
    }
  },
  "requirements": [
    [
      "mob",
      "not_mob"
    ],
    [
      "bit0",
      "!bit0"
    ],
    [
      "bit1",
      "!bit1"
    ],
    [
      "bit2",
      "!bit2"
    ],
    [
      "bit3",
      "!bit3"
    ],
    [
      "bit4",
      "!bit4"
    ],
    [
      "bit5",
      "!bit5"
    ],
    [
      "bit6",
      "!bit6"
    ],
    [
      "bit7",
      "!bit7"
    ],
    [
      "bit8",
      "!bit8"
    ],
    [
      "bit9",
      "!bit9"
    ],
    [
      "bit10",
      "!bit10"
    ],
    [
      "bit11",
      "!bit11"
    ],
    [
      "bit12",
      "!bit12"
    ],
    [
      "bit13",
      "!bit13"
    ],
    [
      "bit14",
      "!bit14"
    ],
    [
      "bit15",
      "!bit15"
    ],
    [
      "bit16",
      "!bit16"
    ],
    [
      "bit17",
      "!bit17"
    ],
    [
      "bit18",
      "!bit18"
    ],
    [
      "bit19",
      "!bit19"
    ],
    [
      "bit20",
      "!bit20"
    ],
    [
      "bit21",
      "!bit21"
    ],
    [
      "bit22",
      "!bit22"
    ],
    [
      "bit23",
      "!bit23"
    ],
    [
      "bit24",
      "!bit24"
    ],
    [
      "bit25",
      "!bit25"
    ],
    [
      "bit26",
      "!bit26"
    ],
    [
      "bit27",
      "!bit27"
    ],
    [
      "bit28",
      "!bit28"
    ],
    [
      "bit29",
      "!bit29"
    ],
    [
      "bit30",
      "!bit30"
    ],
    [
      "bit31",
      "!bit31"
    ]
  ],
  "rewards": {
    "function": "acbag:entity/player/on_hit/main"
  }
}
