[
  {
    "condition": "minecraft:location_check",
    "predicate": {
      "biome": "minecraft:wooded_mountains"
    }
  },
  {
    "condition": "minecraft:location_check",
    "predicate": {
      "biome": "minecraft:taiga_mountains"
    }
  },
  {
    "condition": "minecraft:location_check",
    "predicate": {
      "biome": "minecraft:snowy_tundra"
    }
  },
  {
    "condition": "minecraft:location_check",
    "predicate": {
      "biome": "minecraft:snowy_taiga_mountains"
    }
  },
  {
    "condition": "minecraft:location_check",
    "predicate": {
      "biome": "minecraft:snowy_taiga_hills"
    }
  },
  {
    "condition": "minecraft:location_check",
    "predicate": {
      "biome": "minecraft:snowy_taiga"
    }
  },
  {
    "condition": "minecraft:location_check",
    "predicate": {
      "biome": "minecraft:snowy_mountains"
    }
  },
  {
    "condition": "minecraft:location_check",
    "predicate": {
      "biome": "minecraft:snowy_beach"
    }
  },
  {
    "condition": "minecraft:location_check",
    "predicate": {
      "biome": "minecraft:mountains"
    }
  },
  {
    "condition": "minecraft:location_check",
    "predicate": {
      "biome": "minecraft:mountain_edge"
    }
  },
  {
    "condition": "minecraft:location_check",
    "predicate": {
      "biome": "minecraft:modified_gravelly_mountains"
    }
  },
  {
    "condition": "minecraft:location_check",
    "predicate": {
      "biome": "minecraft:ice_spikes"
    }
  },
  {
    "condition": "minecraft:location_check",
    "predicate": {
      "biome": "minecraft:gravelly_mountains"
    }
  },
  {
    "condition": "minecraft:location_check",
    "predicate": {
      "biome": "minecraft:frozen_river"
    }
  },
  {
    "condition": "minecraft:location_check",
    "predicate": {
      "biome": "minecraft:frozen_ocean"
    }
  },
  {
    "condition": "minecraft:location_check",
    "predicate": {
      "biome": "minecraft:deep_frozen_ocean"
    }
  },
  {
    "condition": "minecraft:location_check",
    "predicate": {
      "biome": "minecraft:deep_cold_ocean"
    }
  },
  {
    "condition": "minecraft:location_check",
    "predicate": {
      "biome": "minecraft:cold_ocean"
    }
  }
]