{
  "type": "minecraft:block",
  "pools": [
      {
          "rolls": 1,
          "bonus_rolls": 0,
          "entries": [
              {
                  "type": "minecraft:alternatives",
                  "children": [
                      {
                          "type": "minecraft:loot_table",
                          "name": "veh:items/morphic_gem",
                          "conditions": [
                              {
                                  "condition": "minecraft:random_chance",
                                  "chance": 0.15
                              }
                          ]
                      },
                      {
                          "type": "minecraft:item",
                          "name": "minecraft:deepslate",
                          "conditions": [
                              {
                                  "condition": "minecraft:match_tool",
                                  "predicate": {
                                      "enchantments": [
                                          {
                                              "enchantment": "minecraft:silk_touch"
                                          }
                                      ]
                                  }
                              }
                          ]
                      },
                      {
                          "type": "minecraft:item",
                          "name": "minecraft:cobbled_deepslate",
                          "conditions": [
                              {
                                  "condition": "minecraft:survives_explosion"
                              }
                          ]
                      }
                  ]
              }
          ]
      }
  ]
}