{
  "display": {
      "title": {
          "translate": "advancement.acbag.spectral_manipulations.title",
          "color": "white"
      },
      "description": {
          "translate": "advancement.acbag.spectral_manipulations.description",
          "color": "green"
      },
      "icon": {
          "item": "minecraft:repeating_command_block",
          "nbt": "{CustomModelData:6900014}"
      },
      "frame": "task",
      "show_toast": true,
      "announce_to_chat": true,
      "hidden": false
  },
  "criteria": {
    "impossible": {
      "trigger": "minecraft:inventory_changed",
      "conditions": {
        "items": [
          {
            "items": [
              "minecraft:repeating_command_block"
            ],
            "nbt": "{ctc:{id:\"protoplasm\",from:\"asdru:accessory_bag\"}}"
          }
        ]
      }
    }
  },
  "parent": "acbag:minecraft/soul_reaper"
}