{
  "criteria": {
    "requirement": {
      "trigger": "minecraft:entity_hurt_player",
      "conditions": {
        "player": [
          {
            "condition": "minecraft:entity_properties",
            "entity": "this",
            "predicate": {
              "nbt": "{Health:0f}"
            }
          }
        ]
      }
    },
    "bandit": {
      "trigger": "minecraft:entity_hurt_player",
      "conditions": {
        "player": [
          {
            "condition": "minecraft:entity_properties",
            "entity": "this",
            "predicate": {
              "nbt": "{Health:0f}"
            }
          }
        ],
        "damage": {
          "source_entity": {
            "nbt": "{Tags:[\"acbag.entity.bandit\"]}"
          }
        }
      }
    }
  },
  "requirements": [
    [
      "requirement","bandit"
    ]
  ],
  "rewards": {
    "function": "acbag:entity/player/death/main"
  }
}