{
  "display": {
      "title": {
          "translate": "advancement.acbag.customizable_smithing.title",
          "color": "white"
      },
      "description": {
          "translate": "advancement.acbag.customizable_smithing.description",
          "color": "green"
      },
      "icon": {
          "item": "minecraft:bundle",
          "nbt": "{CustomModelData:6900001}"
      },
      "frame": "task",
      "show_toast": true,
      "announce_to_chat": true,
      "hidden": false
  },
  "criteria": {
    "impossible": {
      "trigger": "minecraft:inventory_changed",
      "conditions": {
        "items": [
          {
            "items": [
              "minecraft:bundle"
            ],
            "nbt": "{ctc:{id:\"adaptive_blade\",from:\"asdru:accessory_bag\"}}"
          }
        ]
      }
    }
  },
  "parent": "acbag:minecraft/magical_gemstone"
}