{
  "display": {
      "title": {
          "translate": "advancement.acbag.evolved_brewing.title",
          "color": "white"
      },
      "description": {
          "translate": "advancement.acbag.evolved_brewing.description",
          "color": "green"
      },
      "icon": {
          "item": "minecraft:item_frame",
          "nbt": "{CustomModelData:6900002}"
      },
      "frame": "task",
      "show_toast": true,
      "announce_to_chat": true,
      "hidden": false
  },
  "criteria": {
    "impossible": {
      "trigger": "minecraft:inventory_changed",
      "conditions": {
        "items": [
          {
            "items": [
              "minecraft:item_frame"
            ],
            "nbt": "{ctc:{id:\"soul_cauldron\",from:\"asdru:accessory_bag\"}}"
          }
        ]
      }
    }
  },
  "parent": "acbag:minecraft/thinkering_time"
}