{
  "pools": [
    {
      "rolls": 1,
      "entries": [
        {
          "type": "minecraft:item",
          "name": "minecraft:player_head"
        }
      ],
      "functions": [
        {
          "function": "minecraft:set_lore",
          "lore": [
            {
              "translate": "item.acbag.class",
              "with": [
                {
                  "text": "2",
                  "color": "blue"
                }
              ],
              "color": "gray",
              "italic": false
            },
            {
              "text": ""
            },
            {
              "translate": "item.acbag.fleeing_artifact.lore",
              "color": "white",
              "italic": false
            }
          ]
        },
        {
          "function": "minecraft:set_nbt",
          "tag": "{CanDestroy:[\"#acbag:mineable\"],HideFlags:127,ctc:{id:\"fleeing_artifact\",from:\"asdru:accessory_bag\"},acbag:{identifier:1b,Accessory:{Class:2,trigger:\"When Hit\"}},SkullOwner:{Id:[I;218269152,1739148954,-2122940369,1409776583],Properties:{textures:[{Value:\"eyJ0ZXh0dXJlcyI6eyJTS0lOIjp7InVybCI6Imh0dHA6Ly90ZXh0dXJlcy5taW5lY3JhZnQubmV0L3RleHR1cmUvNTNjZTc2NjAyZDNmZWM3YzAyNzNkYTYwMDA5MDA3YmU0MTQwYWM5ZmFjMDM0MTQ1MGMwNzU3ZTUzZDc1MTU3NyJ9fX0=\"}]}}}"
        },
        {
          "function": "minecraft:set_name",
          "name": {
            "translate": "item.acbag.fleeing_artifact",
            "color": "#9EFFE8",
            "italic": false
          }
        },
        {
          "function": "minecraft:set_attributes",
          "modifiers": [
            {
              "attribute": "minecraft:generic.flying_speed",
              "name": "",
              "amount": 0,
              "operation": "addition",
              "slot": "head"
            }
          ]
        }
      ]
    }
  ]
}