{
  "criteria": {
    "invis": {
      "trigger": "minecraft:consume_item",
      "conditions": {
        "player": {
          "nbt": "{Inventory:[{id:\"minecraft:bundle\",tag:{Items:[{id:\"minecraft:repeating_command_block\",tag:{ctc:{id:\"alchemist_glove\",from:\"asdru:accessory_bag\"}}}],ctc:{id:\"accessory_bag\",from:\"asdru:accessory_bag\"}}}]}"
        },
        "item": {
          "items": [
            "minecraft:potion"
          ]
        }
      }
    }
  },
  "rewards": {
    "function": "acbag:entity/player/actions/drink_potion/main"
  }
}
