{
    "criteria": {
      "eat": {
        "trigger": "minecraft:player_killed_entity",
        "conditions": {
          "player": {
            "nbt": "{Inventory:[{id:\"minecraft:bundle\",tag:{Items:[{id:\"minecraft:repeating_command_block\",tag:{ctc:{id:\"assassin_emblem\",from:\"asdru:accessory_bag\"}}}],ctc:{id:\"accessory_bag\",from:\"asdru:accessory_bag\"}}}]}"
          },
          "entity": {
            "type": "#acbag:mobs"
          }
        }
      }
    },
    "rewards": {
      "function": "acbag:entity/player/on_kill/killstreak/main"
    }
  }
  