{
	"credit": "Made with Blockbench",
	"textures": {
		"0": "acbag:entity/tornado",
		"particle": "acbag:entity/tornado"
	},
	"elements": [
		{
			"from": [4, 0, 4],
			"to": [12, 3, 12],
			"faces": {
				"north": {"uv": [3, 10, 13, 14], "texture": "#0"},
				"east": {"uv": [3, 10, 13, 14], "texture": "#0"},
				"south": {"uv": [3, 10, 13, 14], "texture": "#0"},
				"west": {"uv": [3, 10, 13, 14], "texture": "#0"},
				"up": {"uv": [0, 0, 8, 8], "texture": "#missing"},
				"down": {"uv": [3, 3, 13, 13], "texture": "#0"}
			}
		},
		{
			"from": [6, -3, 6],
			"to": [10, 0, 10],
			"faces": {
				"north": {"uv": [5, 13, 9, 16], "texture": "#0"},
				"east": {"uv": [5, 13, 9, 16], "texture": "#0"},
				"south": {"uv": [5, 13, 9, 16], "texture": "#0"},
				"west": {"uv": [5, 13, 9, 16], "texture": "#0"},
				"up": {"uv": [0, 0, 4, 4], "texture": "#missing"},
				"down": {"uv": [6, 6, 10, 10], "texture": "#0"}
			}
		},
		{
			"from": [3, 3, 3],
			"to": [13, 6, 13],
			"faces": {
				"north": {"uv": [2, 6, 14, 10], "texture": "#0"},
				"east": {"uv": [2, 6, 14, 10], "texture": "#0"},
				"south": {"uv": [2, 6, 14, 10], "texture": "#0"},
				"west": {"uv": [2, 6, 14, 10], "texture": "#0"},
				"up": {"uv": [0, 0, 10, 10], "texture": "#missing"},
				"down": {"uv": [3, 2, 13, 14], "texture": "#0"}
			}
		},
		{
			"from": [2, 6, 2],
			"to": [14, 10, 14],
			"faces": {
				"north": {"uv": [1, 0, 15, 4], "texture": "#0"},
				"east": {"uv": [1, 0, 15, 4], "texture": "#0"},
				"south": {"uv": [1, 0, 15, 4], "texture": "#0"},
				"west": {"uv": [1, 0, 15, 4], "texture": "#0"},
				"up": {"uv": [0, 0, 0, 0], "texture": "#0"},
				"down": {"uv": [2, 2, 14, 14], "texture": "#0"}
			}
		}
	],
	"display": {
		"head": {
			"translation": [0, -3, 0],
			"scale": [1.8, 4, 1.8]
		}
	}
}