{
  "pools": [
    {
      "rolls": 1,
      "entries": [
        {
          "type": "minecraft:item",
          "name": "minecraft:player_head"
        }
      ],
      "functions": [
        {
          "function": "minecraft:set_lore",
          "lore": [
            {
              "translate": "item.acbag.class",
              "with": [
                {
                  "text": "3",
                  "color": "gold"
                }
              ],
              "color": "gray",
              "italic": false
            },
            {
              "text": ""
            },
            {
              "translate": "item.acbag.cursed_pumpkin_medallion.lore1",
              "color": "white",
              "italic": false
            },
            {
              "translate": "item.acbag.cursed_pumpkin_medallion.lore2",
              "color": "white",
              "italic": false
            }
          ]
        },
        {
          "function": "minecraft:set_nbt",
          "tag": "{CanDestroy:[\"#acbag:mineable\"],HideFlags:127,ctc:{id:\"cursed_pumpkin_medallion\",from:\"asdru:accessory_bag\"},acbag:{identifier:1b,Accessory:{Class:3,trigger:\"On Hit\"}},SkullOwner:{Id:[I;628900774,1167934181,-1787979120,336001760],Properties:{textures:[{Value:\"eyJ0ZXh0dXJlcyI6eyJTS0lOIjp7InVybCI6Imh0dHA6Ly90ZXh0dXJlcy5taW5lY3JhZnQubmV0L3RleHR1cmUvZDVlNmNjYTAyMWE5OTEzY2UwNmQyZTczNzc2YWE4Yjg4NDQ3YWZiODI0Y2Q2NTdmZjhjMmNiODhjZGYwYTNkNSJ9fX0=\"}]}}}"
        },
        {
          "function": "minecraft:set_name",
          "name": {
            "translate": "item.acbag.cursed_pumpkin_medallion",
            "color": "#9EFFE8",
            "italic": false
          }
        },
        {
          "function": "minecraft:set_attributes",
          "modifiers": [
            {
              "attribute": "minecraft:generic.flying_speed",
              "name": "",
              "amount": 0,
              "operation": "addition",
              "slot": "head"
            }
          ]
        }
      ]
    }
  ]
}