{
  "pools": [
    {
      "rolls": 1,
      "entries": [
        {
          "type": "minecraft:item",
          "name": "minecraft:leather_chestplate"
        }
      ],
      "functions": [
        {
          "function": "minecraft:set_attributes",
          "modifiers": [
            {
              "attribute": "minecraft:generic.max_health",
              "name": "",
              "amount": 2,
              "operation": "addition",
              "slot": "chest"
            }
          ]
        },
        {
          "function": "minecraft:set_nbt",
          "tag": "{display:{color:14859489},Unbreakable:1b,HideFlags:64,CustomModelData:6900000,ctc:{id:\"frostspark_chestplate\",from:\"asdru:accessory_bag\",traits:{\"armor/chestplate\":1b}},acbag:{identifier:1b}}"
        },
        {
          "function": "minecraft:set_name",
          "name": {
            "translate": "item.acbag.frostspark_chestplate",
            "color": "#ff0000",
            "italic": false
          }
        }
      ]
    }
  ]
}
