{
  "pools": [
    {
      "rolls": 1,
      "entries": [
        {
          "type": "minecraft:item",
          "name": "minecraft:written_book",
          "functions": [
            {
              "function": "minecraft:set_nbt",
              "tag": "{title:\"\",author:\"\",pages:['[{\"text\":\"\",\"font\":\"acbag:book\",\"color\":\"white\",\"bold\":true},{\"translate\":\"item.acbag.recipe_book.texts.index_accessory\",\"color\":\"black\"},{\"translate\":\"item.acbag.recipe_book.index.celestial_crystal\",\"hoverEvent\":{\"action\":\"show_text\",\"contents\":[{\"translate\":\"item.acbag.celestial_crystal\"}]},\"clickEvent\":{\"action\":\"change_page\",\"value\":\"8\"}},{\"translate\":\"item.acbag.recipe_book.index.anima_conduit\",\"hoverEvent\":{\"action\":\"show_text\",\"contents\":[{\"translate\":\"item.acbag.anima_conduit\"}]},\"clickEvent\":{\"action\":\"change_page\",\"value\":\"9\"}},{\"translate\":\"item.acbag.recipe_book.index.feral_claws\",\"hoverEvent\":{\"action\":\"show_text\",\"contents\":[{\"translate\":\"item.acbag.feral_claws\"}]},\"clickEvent\":{\"action\":\"change_page\",\"value\":\"10\"}},{\"translate\":\"item.acbag.recipe_book.index.firecracker\",\"hoverEvent\":{\"action\":\"show_text\",\"contents\":[{\"translate\":\"item.acbag.firecracker\"}]},\"clickEvent\":{\"action\":\"change_page\",\"value\":\"11\"}},{\"translate\":\"item.acbag.recipe_book.index.hellfire_dart\",\"hoverEvent\":{\"action\":\"show_text\",\"contents\":[{\"translate\":\"item.acbag.hellfire_dart\"}]},\"clickEvent\":{\"action\":\"change_page\",\"value\":\"12\"}},{\"translate\":\"item.acbag.recipe_book.index.scroll_of_containment\",\"hoverEvent\":{\"action\":\"show_text\",\"contents\":[{\"translate\":\"item.acbag.scroll_of_containment\"}]},\"clickEvent\":{\"action\":\"change_page\",\"value\":\"13\"}},{\"translate\":\"pack.acbag.new_line_double\"},{\"translate\":\"item.acbag.recipe_book.index.soulbound_trinket\",\"hoverEvent\":{\"action\":\"show_text\",\"contents\":[{\"translate\":\"item.acbag.soulbound_trinket\"}]},\"clickEvent\":{\"action\":\"change_page\",\"value\":\"14\"}},{\"translate\":\"item.acbag.recipe_book.index.villager_sigil\",\"hoverEvent\":{\"action\":\"show_text\",\"contents\":[{\"translate\":\"item.acbag.villager_sigil\"}]},\"clickEvent\":{\"action\":\"change_page\",\"value\":\"15\"}},{\"translate\":\"item.acbag.recipe_book.index.ender_beacon\",\"hoverEvent\":{\"action\":\"show_text\",\"contents\":[{\"translate\":\"item.acbag.ender_beacon\"}]},\"clickEvent\":{\"action\":\"change_page\",\"value\":\"16\"}},{\"translate\":\"item.acbag.recipe_book.index.faraday_jewel\",\"hoverEvent\":{\"action\":\"show_text\",\"contents\":[{\"translate\":\"item.acbag.faraday_jewel\"}]},\"clickEvent\":{\"action\":\"change_page\",\"value\":\"17\"}},{\"translate\":\"item.acbag.recipe_book.index.enchanted_string\",\"hoverEvent\":{\"action\":\"show_text\",\"contents\":[{\"translate\":\"item.acbag.enchanted_string\"}]},\"clickEvent\":{\"action\":\"change_page\",\"value\":\"18\"}},{\"translate\":\"item.acbag.recipe_book.index.guardian_resonator\",\"hoverEvent\":{\"action\":\"show_text\",\"contents\":[{\"translate\":\"item.acbag.guardian_resonator\"}]},\"clickEvent\":{\"action\":\"change_page\",\"value\":\"19\"}},{\"translate\":\"pack.acbag.new_line_double\"},{\"translate\":\"item.acbag.recipe_book.index.fungi_concoction\",\"hoverEvent\":{\"action\":\"show_text\",\"contents\":[{\"translate\":\"item.acbag.fungi_concoction\"}]},\"clickEvent\":{\"action\":\"change_page\",\"value\":\"20\"}},{\"translate\":\"item.acbag.recipe_book.index.damage_meter\",\"hoverEvent\":{\"action\":\"show_text\",\"contents\":[{\"translate\":\"item.acbag.damage_meter\"}]},\"clickEvent\":{\"action\":\"change_page\",\"value\":\"21\"}},{\"translate\":\"item.acbag.recipe_book.index.cursed_pumpkin_medallion\",\"hoverEvent\":{\"action\":\"show_text\",\"contents\":[{\"translate\":\"item.acbag.cursed_pumpkin_medallion\"}]},\"clickEvent\":{\"action\":\"change_page\",\"value\":\"22\"}},{\"translate\":\"item.acbag.recipe_book.index.buzzing_crown\",\"hoverEvent\":{\"action\":\"show_text\",\"contents\":[{\"translate\":\"item.acbag.buzzing_crown\"}]},\"clickEvent\":{\"action\":\"change_page\",\"value\":\"23\"}},{\"translate\":\"item.acbag.recipe_book.index.crystal_heart\",\"hoverEvent\":{\"action\":\"show_text\",\"contents\":[{\"translate\":\"item.acbag.crystal_heart\"}]},\"clickEvent\":{\"action\":\"change_page\",\"value\":\"24\"}},{\"translate\":\"item.acbag.recipe_book.index.gale_trident\",\"hoverEvent\":{\"action\":\"show_text\",\"contents\":[{\"translate\":\"item.acbag.gale_trident\"}]},\"clickEvent\":{\"action\":\"change_page\",\"value\":\"25\"}},{\"translate\":\"pack.acbag.new_line_double\"},{\"translate\":\"item.acbag.recipe_book.index.autofeeder\",\"hoverEvent\":{\"action\":\"show_text\",\"contents\":[{\"translate\":\"item.acbag.autofeeder\"}]},\"clickEvent\":{\"action\":\"change_page\",\"value\":\"26\"}},{\"translate\":\"item.acbag.recipe_book.index.flame_2_enchanted_book\",\"hoverEvent\":{\"action\":\"show_text\",\"contents\":[{\"translate\":\"item.acbag.flame_2_enchanted_book\"}]},\"clickEvent\":{\"action\":\"change_page\",\"value\":\"27\"}},{\"translate\":\"item.acbag.recipe_book.index.fleeing_artifact\",\"hoverEvent\":{\"action\":\"show_text\",\"contents\":[{\"translate\":\"item.acbag.fleeing_artifact\"}]},\"clickEvent\":{\"action\":\"change_page\",\"value\":\"28\"}},{\"translate\":\"item.acbag.recipe_book.index.portable_freezer\",\"hoverEvent\":{\"action\":\"show_text\",\"contents\":[{\"translate\":\"item.acbag.portable_freezer\"}]},\"clickEvent\":{\"action\":\"change_page\",\"value\":\"29\"}},{\"translate\":\"item.acbag.recipe_book.index.golden_fermented_spider_eye\",\"hoverEvent\":{\"action\":\"show_text\",\"contents\":[{\"translate\":\"item.acbag.golden_fermented_spider_eye\"}]},\"clickEvent\":{\"action\":\"change_page\",\"value\":\"30\"}},{\"translate\":\"item.acbag.recipe_book.index.tar_dispenser\",\"hoverEvent\":{\"action\":\"show_text\",\"contents\":[{\"translate\":\"item.acbag.tar_dispenser\"}]},\"clickEvent\":{\"action\":\"change_page\",\"value\":\"31\"}},{\"translate\":\"pack.acbag.new_line_double\"},{\"translate\":\"item.acbag.recipe_book.index.frozen_turtle_shell\",\"hoverEvent\":{\"action\":\"show_text\",\"contents\":[{\"translate\":\"item.acbag.frozen_turtle_shell\"}]},\"clickEvent\":{\"action\":\"change_page\",\"value\":\"32\"}},{\"translate\":\"item.acbag.recipe_book.index.cactus_concoction\",\"hoverEvent\":{\"action\":\"show_text\",\"contents\":[{\"translate\":\"item.acbag.cactus_concoction\"}]},\"clickEvent\":{\"action\":\"change_page\",\"value\":\"33\"}},{\"translate\":\"item.acbag.recipe_book.index.alchemist_glove\",\"hoverEvent\":{\"action\":\"show_text\",\"contents\":[{\"translate\":\"item.acbag.alchemist_glove\"}]},\"clickEvent\":{\"action\":\"change_page\",\"value\":\"34\"}},{\"translate\":\"item.acbag.recipe_book.index.concussive_glove\",\"hoverEvent\":{\"action\":\"show_text\",\"contents\":[{\"translate\":\"item.acbag.concussive_glove\"}]},\"clickEvent\":{\"action\":\"change_page\",\"value\":\"35\"}},{\"translate\":\"item.acbag.recipe_book.index.fertility_syphon\",\"hoverEvent\":{\"action\":\"show_text\",\"contents\":[{\"translate\":\"item.acbag.fertility_syphon\"}]},\"clickEvent\":{\"action\":\"change_page\",\"value\":\"36\"}},{\"translate\":\"item.acbag.recipe_book.index.philosopher_stone\",\"hoverEvent\":{\"action\":\"show_text\",\"contents\":[{\"translate\":\"item.acbag.philosopher_stone\"}]},\"clickEvent\":{\"action\":\"change_page\",\"value\":\"37\"}},{\"translate\":\"pack.acbag.new_line_double\"},{\"translate\":\"item.acbag.recipe_book.index.fertility_syphon\",\"hoverEvent\":{\"action\":\"show_text\",\"contents\":[{\"translate\":\"item.acbag.fertility_syphon\"}]},\"clickEvent\":{\"action\":\"change_page\",\"value\":\"38\"}},{\"translate\":\"item.acbag.recipe_book.index.surgical_glove\",\"hoverEvent\":{\"action\":\"show_text\",\"contents\":[{\"translate\":\"item.acbag.surgical_glove\"}]},\"clickEvent\":{\"action\":\"change_page\",\"value\":\"39\"}},{\"translate\":\"item.acbag.recipe_book.index.suspicious_bait\",\"hoverEvent\":{\"action\":\"show_text\",\"contents\":[{\"translate\":\"item.acbag.suspicious_bait\"}]},\"clickEvent\":{\"action\":\"change_page\",\"value\":\"40\"}},{\"translate\":\"item.acbag.recipe_book.index.tornado_in_a_bottle\",\"hoverEvent\":{\"action\":\"show_text\",\"contents\":[{\"translate\":\"item.acbag.tornado_in_a_bottle\"}]},\"clickEvent\":{\"action\":\"change_page\",\"value\":\"41\"}},{\"translate\":\"item.acbag.recipe_book.index.vengeful_band\",\"hoverEvent\":{\"action\":\"show_text\",\"contents\":[{\"translate\":\"item.acbag.vengeful_band\"}]},\"clickEvent\":{\"action\":\"change_page\",\"value\":\"42\"}},{\"translate\":\"item.acbag.recipe_book.index.voidflow_juice\",\"hoverEvent\":{\"action\":\"show_text\",\"contents\":[{\"translate\":\"item.acbag.voidflow_juice\"}]},\"clickEvent\":{\"action\":\"change_page\",\"value\":\"43\"}}]']}"
            }
          ]
        }
      ]
    }
  ]
}
