{
  "pools": [
    {
      "rolls": 1,
      "entries": [
        {
          "type": "minecraft:item",
          "name": "minecraft:warped_fungus_on_a_stick"
        }
      ],
      "functions": [
        {
          "function": "minecraft:set_nbt",
          "tag": "{CustomModelData:6900001,HideFlags:127,ctc:{id:\"light_stave\",from:\"asdru:accessory_bag\"},acbag:{identifier:1b,MagicWeapon:{Identifier:1b,Cost:20,Damage:5,IgnoreArmor:1b}}}"
        },
        {
          "function": "minecraft:set_name",
          "name": {
            "translate": "item.acbag.light_stave",
            "color": "#FF0000",
            "italic": false
          }
        }
      ]
    }
  ]
}