{
  "pools": [
    {
      "rolls": 1,
      "entries": [
        {
          "type": "minecraft:item",
          "name": "minecraft:oak_sign"
        }
      ],
      "functions": [
        {
          "function": "minecraft:set_lore",
          "lore": [
            {
              "text": ""
            },
            {
              "translate": "item.acbag.blessing.vampire.lore",
              "italic": false,
              "color": "white"
            }
          ]
        },
        {
          "function": "minecraft:set_nbt",
          "tag": "{CanDestroy:[\"#acbag:mineable\"],CustomModelData:6900004,HideFlags:127,ctc:{id:\"vampire_blessing\",from:\"asdru:accessory_bag\"},acbag:{identifier:1b,Blessing:{}}}"
        },
        {
          "function": "minecraft:set_name",
          "name": {
            "translate": "item.acbag.blessing.vampire",
            "color": "#9EFFE8",
            "italic": false
          }
        }
      ]
    }
  ]
}