{
  "pools": [
    {
      "rolls": 1,
      "entries": [
        {
          "type": "minecraft:item",
          "name": "minecraft:repeating_command_block"
        }
      ],
      "functions": [
        {
          "function": "minecraft:set_lore",
          "lore": [
            {
              "translate": "item.acbag.class",
              "with": [
                {
                  "text": "3",
                  "color": "gold"
                }
              ],
              "color": "gray",
              "italic": false
            },
            {
              "text": ""
            },
            {
              "translate": "item.acbag.anima_conduit.lore1",
              "color": "white",
              "italic": false
            },
            {
              "translate": "item.acbag.anima_conduit.lore2",
              "color": "white",
              "italic": false
            },
            {
              "translate": "item.acbag.anima_conduit.lore3",
              "color": "white",
              "italic": false
            }
          ]
        },
        {
          "function": "minecraft:set_nbt",
          "tag": "{CustomModelData:6900010,ctc:{id:\"anima_conduit\",from:\"asdru:accessory_bag\"},acbag:{identifier:1b,Accessory:{Class:3,trigger:\"When Hit\"}}}"
        },
        {
          "function": "minecraft:set_name",
          "name": {
            "translate": "item.acbag.anima_conduit",
            "color": "#9EFFE8",
            "italic": false
          }
        }
      ]
    }
  ]
}