{
  "pools": [
    {
      "rolls": 1,
      "entries": [
        {
          "type": "minecraft:item",
          "name": "minecraft:written_book",
          "functions": [
            {
              "function": "minecraft:set_nbt",
              "tag": "{title:\"\",author:\"\",pages:['[{\"text\":\"   \",\"font\":\"acbag:book\"},{\"translate\":\"item.acbag.accessory_bag\",\"color\":\"dark_aqua\",\"bold\":true},{\"translate\":\"pack.acbag.new_line\"},{\"translate\":\"item.acbag.recipe_book.credits.author\"},{\"translate\":\"pack.acbag.new_line\"},{\"translate\":\"item.acbag.recipe_book.credits.credits\",\"underlined\":true},{\"translate\":\"pack.acbag.new_line_double\"},{\"translate\":\"item.acbag.recipe_book.credits.ancientkingg\",\"color\":\"white\",\"hoverEvent\":{\"action\":\"show_text\",\"contents\":[{\"translate\":\"item.acbag.recipe_book.credits.ancientkingg.desc\"}]}},{\"translate\":\"item.acbag.recipe_book.credits.creeper_magnet\",\"color\":\"white\",\"hoverEvent\":{\"action\":\"show_text\",\"contents\":[{\"translate\":\"item.acbag.recipe_book.credits.creeper_magnet.desc\"}]}},{\"translate\":\"item.acbag.recipe_book.credits.icy\",\"color\":\"white\",\"hoverEvent\":{\"action\":\"show_text\",\"contents\":[{\"translate\":\"item.acbag.recipe_book.credits.icy.desc\"}]}},{\"translate\":\"item.acbag.recipe_book.credits.cloud_wolf\",\"color\":\"white\",\"hoverEvent\":{\"action\":\"show_text\",\"contents\":[{\"translate\":\"item.acbag.recipe_book.credits.cloud_wolf.desc\"}]}},{\"translate\":\"pack.acbag.new_line_triple\"},{\"translate\":\"item.acbag.recipe_book.credits.misode\",\"color\":\"white\",\"hoverEvent\":{\"action\":\"show_text\",\"contents\":[{\"translate\":\"item.acbag.recipe_book.credits.misode.desc\"}]}},{\"translate\":\"item.acbag.recipe_book.credits.nphhpn\",\"color\":\"white\",\"hoverEvent\":{\"action\":\"show_text\",\"contents\":[{\"translate\":\"item.acbag.recipe_book.credits.nphhpn.desc\"}]}},{\"translate\":\"pack.acbag.new_line_triple\"},{\"translate\":\"pack.acbag.new_line_double\"},{\"text\":\"_____\",\"color\":\"#FF0000\"},{\"translate\":\"item.acbag.recipe_book.credits.youtube\",\"color\":\"white\",\"clickEvent\":{\"action\":\"open_url\",\"value\":\"https://www.youtube.com/c/asdru22\"},\"hoverEvent\":{\"action\":\"show_text\",\"contents\":[{\"translate\":\"item.acbag.recipe_book.credits.youtube.desc\"}]}},\" \",{\"translate\":\"item.acbag.recipe_book.credits.discord\",\"color\":\"white\",\"clickEvent\":{\"action\":\"open_url\",\"value\":\"https://discord.gg/aUwaJFt\"},\"hoverEvent\":{\"action\":\"show_text\",\"contents\":[{\"translate\":\"item.acbag.recipe_book.credits.discord.desc\"}]}},{\"text\":\"_____\",\"color\":\"#5165F6\"}]']}"
            }
          ]
        }
      ]
    }
  ]
}
