{
  "pools": [
    {
      "rolls": 1,
      "entries": [
        {
          "type": "minecraft:item",
          "name": "minecraft:repeating_command_block"
        }
      ],
      "functions": [
        {
          "function": "minecraft:set_lore",
          "lore": [
            {
              "translate": "item.acbag.class",
              "with": [
                {
                  "text": "3",
                  "color": "gold"
                }
              ],
              "color": "gray",
              "italic": false
            },
            {
              "text": ""
            },
            {
              "translate": "item.acbag.firecracker.lore1",
              "color": "white",
              "italic": false
            },
            {
              "translate": "item.acbag.firecracker.lore2",
              "color": "white",
              "italic": false
            },
            {
              "translate": "item.acbag.firecracker.lore3",
              "color": "white",
              "italic": false
            }
          ]
        },
        {
          "function": "minecraft:set_nbt",
          "tag": "{CustomModelData:6900012,HideFlags:127,ctc:{id:\"firecracker\",from:\"asdru:accessory_bag\"},acbag:{identifier:1b,Accessory:{Class:3,trigger:\"On Hit\"}}}"
        },
        {
          "function": "minecraft:set_name",
          "name": {
            "translate": "item.acbag.firecracker",
            "color": "#9EFFE8",
            "italic": false
          }
        }
      ]
    }
  ]
}