{
  "pools": [
    {
      "rolls": 1,
      "entries": [
        {
          "type": "minecraft:item",
          "name": "minecraft:player_head"
        }
      ],
      "functions": [
        {
          "function": "minecraft:set_lore",
          "lore": [
            {
              "translate": "item.acbag.class",
              "with": [
                {
                  "text": "4",
                  "color": "red"
                }
              ],
              "color": "gray",
              "italic": false
            },
            {
              "text": ""
            },
            {
              "translate": "item.acbag.fungi_concoction.lore1",
              "color": "white",
              "italic": false
            },
            {
              "translate": "item.acbag.fungi_concoction.lore2",
              "color": "white",
              "italic": false
            },
            {
              "translate": "item.acbag.fungi_concoction.lore3",
              "color": "white",
              "italic": false
            },
            {
              "translate": "item.acbag.fungi_concoction.lore4",
              "color": "white",
              "italic": false
            },
            {
              "translate": "item.acbag.fungi_concoction.lore5",
              "color": "white",
              "italic": false
            }
          ]
        },
        {
          "function": "minecraft:set_nbt",
          "tag": "{CanDestroy:[\"#acbag:mineable\"],HideFlags:127,ctc:{id:\"fungi_concoction\",from:\"asdru:accessory_bag\"},acbag:{identifier:1b,Accessory:{Class:4,trigger:\"On Hit\"}},SkullOwner:{Id:[I;1129371292,1356746265,-1707160065,-2118501517],Properties:{textures:[{Value:\"eyJ0ZXh0dXJlcyI6eyJTS0lOIjp7InVybCI6Imh0dHA6Ly90ZXh0dXJlcy5taW5lY3JhZnQubmV0L3RleHR1cmUvY2VmNjI4MGIwNjJhYTcyNmZjOWI1NWJjYWQ1ZDNkM2M1MjVlOWIwM2ExOTllMjA3YjEyNDQ1NTcwMTgyNDdmIn19fQ==\"}]}}}"
        },
        {
          "function": "minecraft:set_name",
          "name": {
            "translate": "item.acbag.fungi_concoction",
            "color": "#9EFFE8",
            "italic": false
          }
        }
      ]
    }
  ]
}