{
  "pools":[
    {
      "rolls":1,
      "entries":[
        {
          "type":"minecraft:item",
          "name":"minecraft:written_book",
          "functions":[
            {
              "function":"minecraft:set_nbt",
              "tag":"{resolved:1b,title:\"Manual\",author:\"???\",HideFlags:32,CustomModelData:62400000,ctc:{id:\"recipe_book\",from:\"asdru:accessory_bag\"},pages:['[{\"text\":\"   \",\"font\":\"acbag:book\"},{\"translate\":\"item.acbag.accessory_bag\",\"color\":\"dark_aqua\",\"bold\":true},{\"translate\":\"pack.acbag.new_line\"},{\"translate\":\"item.acbag.recipe_book.credits.author\"},{\"translate\":\"pack.acbag.new_line\"},{\"translate\":\"item.acbag.recipe_book.credits.credits\",\"underlined\":true},{\"translate\":\"pack.acbag.new_line_double\"},{\"translate\":\"item.acbag.recipe_book.credits.ancientkingg\",\"color\":\"white\",\"hoverEvent\":{\"action\":\"show_text\",\"contents\":[{\"translate\":\"item.acbag.recipe_book.credits.ancientkingg.desc\"}]}},{\"translate\":\"item.acbag.recipe_book.credits.creeper_magnet\",\"color\":\"white\",\"hoverEvent\":{\"action\":\"show_text\",\"contents\":[{\"translate\":\"item.acbag.recipe_book.credits.creeper_magnet.desc\"}]}},{\"translate\":\"item.acbag.recipe_book.credits.icy\",\"color\":\"white\",\"hoverEvent\":{\"action\":\"show_text\",\"contents\":[{\"translate\":\"item.acbag.recipe_book.credits.icy.desc\"}]}},{\"translate\":\"item.acbag.recipe_book.credits.cloud_wolf\",\"color\":\"white\",\"hoverEvent\":{\"action\":\"show_text\",\"contents\":[{\"translate\":\"item.acbag.recipe_book.credits.cloud_wolf.desc\"}]}},{\"translate\":\"pack.acbag.new_line_triple\"},{\"translate\":\"item.acbag.recipe_book.credits.misode\",\"color\":\"white\",\"hoverEvent\":{\"action\":\"show_text\",\"contents\":[{\"translate\":\"item.acbag.recipe_book.credits.misode.desc\"}]}},{\"translate\":\"item.acbag.recipe_book.credits.nphhpn\",\"color\":\"white\",\"hoverEvent\":{\"action\":\"show_text\",\"contents\":[{\"translate\":\"item.acbag.recipe_book.credits.nphhpn.desc\"}]}},{\"translate\":\"pack.acbag.new_line_triple\"},{\"translate\":\"pack.acbag.new_line_double\"},{\"text\":\"_____\",\"color\":\"#FF0000\"},{\"translate\":\"item.acbag.recipe_book.credits.youtube\",\"color\":\"white\",\"clickEvent\":{\"action\":\"open_url\",\"value\":\"https://www.youtube.com/c/asdru22\"},\"hoverEvent\":{\"action\":\"show_text\",\"contents\":[{\"translate\":\"item.acbag.recipe_book.credits.youtube.desc\"}]}},\" \",{\"translate\":\"item.acbag.recipe_book.credits.discord\",\"color\":\"white\",\"clickEvent\":{\"action\":\"open_url\",\"value\":\"https://discord.gg/aUwaJFt\"},\"hoverEvent\":{\"action\":\"show_text\",\"contents\":[{\"translate\":\"item.acbag.recipe_book.credits.discord.desc\"}]}},{\"text\":\"_____\",\"color\":\"#5165F6\"}]','[{\"text\":\"\",\"font\":\"acbag:book\",\"color\":\"white\",\"bold\":true},{\"translate\":\"item.acbag.recipe_book.texts.index\",\"color\":\"black\"},{\"translate\":\"item.acbag.recipe_book.index.thinkery_table\",\"hoverEvent\":{\"action\":\"show_text\",\"contents\":[{\"translate\":\"block.acbag.thinkery_table\"}]},\"clickEvent\":{\"action\":\"change_page\",\"value\":\"3\"}},{\"translate\":\"item.acbag.recipe_book.index.accessory_bag\",\"hoverEvent\":{\"action\":\"show_text\",\"contents\":[{\"translate\":\"item.acbag.accessory_bag\"}]},\"clickEvent\":{\"action\":\"change_page\",\"value\":\"4\"}},{\"translate\":\"item.acbag.recipe_book.index.bracelet\",\"hoverEvent\":{\"action\":\"show_text\",\"contents\":[{\"translate\":\"item.acbag.bracelet\"}]},\"clickEvent\":{\"action\":\"change_page\",\"value\":\"5\"}},{\"translate\":\"item.acbag.recipe_book.index.ring\",\"hoverEvent\":{\"action\":\"show_text\",\"contents\":[{\"translate\":\"item.acbag.ring\"}]},\"clickEvent\":{\"action\":\"change_page\",\"value\":\"6\"}},{\"translate\":\"item.acbag.recipe_book.index.jar\",\"hoverEvent\":{\"action\":\"show_text\",\"contents\":[{\"translate\":\"item.acbag.jar\"}]},\"clickEvent\":{\"action\":\"change_page\",\"value\":\"7\"}},{\"translate\":\"item.acbag.recipe_book.index.celestial_crystal\",\"hoverEvent\":{\"action\":\"show_text\",\"contents\":[{\"translate\":\"item.acbag.celestial_crystal\"}]},\"clickEvent\":{\"action\":\"change_page\",\"value\":\"8\"}},{\"translate\":\"pack.acbag.new_line_double\"},{\"translate\":\"item.acbag.recipe_book.index.anima_conduit\",\"hoverEvent\":{\"action\":\"show_text\",\"contents\":[{\"translate\":\"item.acbag.anima_conduit\"}]},\"clickEvent\":{\"action\":\"change_page\",\"value\":\"9\"}},{\"translate\":\"item.acbag.recipe_book.index.feral_claws\",\"hoverEvent\":{\"action\":\"show_text\",\"contents\":[{\"translate\":\"item.acbag.feral_claws\"}]},\"clickEvent\":{\"action\":\"change_page\",\"value\":\"10\"}},{\"translate\":\"item.acbag.recipe_book.index.firecracker\",\"hoverEvent\":{\"action\":\"show_text\",\"contents\":[{\"translate\":\"item.acbag.firecracker\"}]},\"clickEvent\":{\"action\":\"change_page\",\"value\":\"11\"}},{\"translate\":\"item.acbag.recipe_book.index.hellfire_dart\",\"hoverEvent\":{\"action\":\"show_text\",\"contents\":[{\"translate\":\"item.acbag.hellfire_dart\"}]},\"clickEvent\":{\"action\":\"change_page\",\"value\":\"12\"}},{\"translate\":\"item.acbag.recipe_book.index.scroll_of_containment\",\"hoverEvent\":{\"action\":\"show_text\",\"contents\":[{\"translate\":\"item.acbag.scroll_of_containment\"}]},\"clickEvent\":{\"action\":\"change_page\",\"value\":\"13\"}},{\"translate\":\"item.acbag.recipe_book.index.soulbound_trinket\",\"hoverEvent\":{\"action\":\"show_text\",\"contents\":[{\"translate\":\"item.acbag.soulbound_trinket\"}]},\"clickEvent\":{\"action\":\"change_page\",\"value\":\"14\"}},{\"translate\":\"pack.acbag.new_line_double\"},{\"translate\":\"item.acbag.recipe_book.index.villager_sigil\",\"hoverEvent\":{\"action\":\"show_text\",\"contents\":[{\"translate\":\"item.acbag.villager_sigil\"}]},\"clickEvent\":{\"action\":\"change_page\",\"value\":\"15\"}},{\"translate\":\"item.acbag.recipe_book.index.ender_beacon\",\"hoverEvent\":{\"action\":\"show_text\",\"contents\":[{\"translate\":\"item.acbag.ender_beacon\"}]},\"clickEvent\":{\"action\":\"change_page\",\"value\":\"16\"}},{\"translate\":\"item.acbag.recipe_book.index.faraday_jewel\",\"hoverEvent\":{\"action\":\"show_text\",\"contents\":[{\"translate\":\"item.acbag.faraday_jewel\"}]},\"clickEvent\":{\"action\":\"change_page\",\"value\":\"17\"}},{\"translate\":\"item.acbag.recipe_book.index.enchanted_string\",\"hoverEvent\":{\"action\":\"show_text\",\"contents\":[{\"translate\":\"item.acbag.enchanted_string\"}]},\"clickEvent\":{\"action\":\"change_page\",\"value\":\"18\"}},{\"translate\":\"item.acbag.recipe_book.index.guardian_resonator\",\"hoverEvent\":{\"action\":\"show_text\",\"contents\":[{\"translate\":\"item.acbag.guardian_resonator\"}]},\"clickEvent\":{\"action\":\"change_page\",\"value\":\"19\"}},{\"translate\":\"item.acbag.recipe_book.index.fungi_concoction\",\"hoverEvent\":{\"action\":\"show_text\",\"contents\":[{\"translate\":\"item.acbag.fungi_concoction\"}]},\"clickEvent\":{\"action\":\"change_page\",\"value\":\"20\"}},{\"translate\":\"pack.acbag.new_line_double\"},{\"translate\":\"item.acbag.recipe_book.index.damage_meter\",\"hoverEvent\":{\"action\":\"show_text\",\"contents\":[{\"translate\":\"item.acbag.damage_meter\"}]},\"clickEvent\":{\"action\":\"change_page\",\"value\":\"21\"}},{\"translate\":\"item.acbag.recipe_book.index.cursed_pumpkin_medallion\",\"hoverEvent\":{\"action\":\"show_text\",\"contents\":[{\"translate\":\"item.acbag.cursed_pumpkin_medallion\"}]},\"clickEvent\":{\"action\":\"change_page\",\"value\":\"22\"}},{\"translate\":\"item.acbag.recipe_book.index.buzzing_crown\",\"hoverEvent\":{\"action\":\"show_text\",\"contents\":[{\"translate\":\"item.acbag.buzzing_crown\"}]},\"clickEvent\":{\"action\":\"change_page\",\"value\":\"23\"}},{\"translate\":\"item.acbag.recipe_book.index.crystal_heart\",\"hoverEvent\":{\"action\":\"show_text\",\"contents\":[{\"translate\":\"item.acbag.crystal_heart\"}]},\"clickEvent\":{\"action\":\"change_page\",\"value\":\"24\"}},{\"translate\":\"item.acbag.recipe_book.index.gale_trident\",\"hoverEvent\":{\"action\":\"show_text\",\"contents\":[{\"translate\":\"item.acbag.gale_trident\"}]},\"clickEvent\":{\"action\":\"change_page\",\"value\":\"25\"}},{\"translate\":\"item.acbag.recipe_book.index.autofeeder\",\"hoverEvent\":{\"action\":\"show_text\",\"contents\":[{\"translate\":\"item.acbag.autofeeder\"}]},\"clickEvent\":{\"action\":\"change_page\",\"value\":\"26\"}},{\"translate\":\"pack.acbag.new_line_double\"},{\"translate\":\"item.acbag.recipe_book.index.flame_2_enchanted_book\",\"hoverEvent\":{\"action\":\"show_text\",\"contents\":[{\"translate\":\"item.acbag.flame_2_enchanted_book\"}]},\"clickEvent\":{\"action\":\"change_page\",\"value\":\"27\"}},{\"translate\":\"item.acbag.recipe_book.index.fleeing_artifact\",\"hoverEvent\":{\"action\":\"show_text\",\"contents\":[{\"translate\":\"item.acbag.fleeing_artifact\"}]},\"clickEvent\":{\"action\":\"change_page\",\"value\":\"28\"}},{\"translate\":\"item.acbag.recipe_book.index.portable_freezer\",\"hoverEvent\":{\"action\":\"show_text\",\"contents\":[{\"translate\":\"item.acbag.portable_freezer\"}]},\"clickEvent\":{\"action\":\"change_page\",\"value\":\"29\"}},{\"translate\":\"item.acbag.recipe_book.index.golden_fermented_spider_eye\",\"hoverEvent\":{\"action\":\"show_text\",\"contents\":[{\"translate\":\"item.acbag.golden_fermented_spider_eye\"}]},\"clickEvent\":{\"action\":\"change_page\",\"value\":\"30\"}},{\"translate\":\"item.acbag.recipe_book.index.tar_dispenser\",\"hoverEvent\":{\"action\":\"show_text\",\"contents\":[{\"translate\":\"item.acbag.tar_dispenser\"}]},\"clickEvent\":{\"action\":\"change_page\",\"value\":\"31\"}},{\"translate\":\"item.acbag.recipe_book.index.frozen_turtle_shell\",\"hoverEvent\":{\"action\":\"show_text\",\"contents\":[{\"translate\":\"item.acbag.frozen_turtle_shell\"}]},\"clickEvent\":{\"action\":\"change_page\",\"value\":\"32\"}},{\"translate\":\"pack.acbag.new_line_double\"},{\"translate\":\"item.acbag.recipe_book.index.cactus_concoction\",\"hoverEvent\":{\"action\":\"show_text\",\"contents\":[{\"translate\":\"item.acbag.cactus_concoction\"}]},\"clickEvent\":{\"action\":\"change_page\",\"value\":\"33\"}}]','[{\"text\":\"\",\"font\":\"acbag:book\",\"color\":\"white\"},{\"translate\":\"block.acbag.thinkery_table\",\"color\":\"black\",\"bold\":true},{\"translate\":\"pack.acbag.new_line_double\"},{\"translate\":\"item.acbag.recipe_book.spaces.32\"},{\"translate\":\"item.acbag.recipe_book.icon.thinkery_table\",\"hoverEvent\":{\"action\":\"show_text\",\"contents\":[{\"translate\":\"block.acbag.thinkery_table.lore1\"},{\"translate\":\"pack.acbag.new_line\"},{\"translate\":\"block.acbag.thinkery_table.lore2\"}]}},{\"translate\":\"pack.acbag.new_line_triple\"},{\"translate\":\"item.acbag.recipe_book.texts.recipe\",\"color\":\"black\"},{\"translate\":\"pack.acbag.new_line_double\"},{\"translate\":\"item.acbag.recipe_book.spaces.24\"},{\"translate\":\"item.acbag.recipe_book.ingredients.empty\"},{\"translate\":\"item.acbag.recipe_book.ingredients.redstone_torch\",\"hoverEvent\":{\"action\":\"show_text\",\"contents\":[{\"translate\":\"block.minecraft.redstone_torch\"}]}},{\"translate\":\"item.acbag.recipe_book.ingredients.empty\"},{\"translate\":\"pack.acbag.new_line_double\"},{\"translate\":\"item.acbag.recipe_book.spaces.24\"},{\"translate\":\"item.acbag.recipe_book.ingredients.feather\",\"hoverEvent\":{\"action\":\"show_text\",\"contents\":[{\"translate\":\"item.minecraft.feather\"}]}},{\"translate\":\"item.acbag.recipe_book.ingredients.crafting_table\",\"hoverEvent\":{\"action\":\"show_text\",\"contents\":[{\"translate\":\"block.minecraft.crafting_table\"}]}},{\"translate\":\"item.acbag.recipe_book.ingredients.feather\",\"hoverEvent\":{\"action\":\"show_text\",\"contents\":[{\"translate\":\"item.minecraft.feather\"}]}},{\"translate\":\"pack.acbag.new_line_double\"},{\"translate\":\"item.acbag.recipe_book.spaces.24\"},{\"translate\":\"item.acbag.recipe_book.ingredients.empty\"},{\"translate\":\"item.acbag.recipe_book.ingredients.red_dye\",\"hoverEvent\":{\"action\":\"show_text\",\"contents\":[{\"translate\":\"item.minecraft.red_dye\"}]}},{\"translate\":\"item.acbag.recipe_book.ingredients.empty\"}]','[{\"text\":\"\",\"font\":\"acbag:book\",\"color\":\"white\"},{\"translate\":\"item.acbag.accessory_bag\",\"color\":\"black\",\"bold\":true},{\"translate\":\"pack.acbag.new_line_double\"},{\"translate\":\"item.acbag.recipe_book.spaces.32\"},{\"translate\":\"item.acbag.recipe_book.icon.accessory_bag\",\"hoverEvent\":{\"action\":\"show_text\",\"contents\":[{\"translate\":\"item.acbag.accessory_bag.lore1\"},{\"translate\":\"pack.acbag.new_line\"},{\"translate\":\"item.acbag.accessory_bag.lore2\"}]}},{\"translate\":\"pack.acbag.new_line_triple\"},{\"translate\":\"item.acbag.recipe_book.texts.recipe\",\"color\":\"black\"},{\"translate\":\"pack.acbag.new_line_double\"},{\"translate\":\"item.acbag.recipe_book.spaces.24\"},{\"translate\":\"item.acbag.recipe_book.ingredients.orange_dye\",\"hoverEvent\":{\"action\":\"show_text\",\"contents\":[{\"translate\":\"item.minecraft.orange_dye\"}]}},{\"translate\":\"item.acbag.recipe_book.ingredients.string\",\"hoverEvent\":{\"action\":\"show_text\",\"contents\":[{\"translate\":\"item.minecraft.string\"}]}},{\"translate\":\"item.acbag.recipe_book.ingredients.orange_dye\",\"hoverEvent\":{\"action\":\"show_text\",\"contents\":[{\"translate\":\"item.minecraft.orange_dye\"}]}},{\"translate\":\"pack.acbag.new_line_double\"},{\"translate\":\"item.acbag.recipe_book.spaces.24\"},{\"translate\":\"item.acbag.recipe_book.ingredients.leather\",\"hoverEvent\":{\"action\":\"show_text\",\"contents\":[{\"translate\":\"item.minecraft.leather\"}]}},{\"translate\":\"item.acbag.recipe_book.ingredients.empty\"},{\"translate\":\"item.acbag.recipe_book.ingredients.leather\",\"hoverEvent\":{\"action\":\"show_text\",\"contents\":[{\"translate\":\"item.minecraft.leather\"}]}},{\"translate\":\"pack.acbag.new_line_double\"},{\"translate\":\"item.acbag.recipe_book.spaces.24\"},{\"translate\":\"item.acbag.recipe_book.ingredients.lapis_lazuli\",\"hoverEvent\":{\"action\":\"show_text\",\"contents\":[{\"translate\":\"item.minecraft.lapis_lazuli\"}]}},{\"translate\":\"item.acbag.recipe_book.ingredients.leather\",\"hoverEvent\":{\"action\":\"show_text\",\"contents\":[{\"translate\":\"item.minecraft.leather\"}]}},{\"translate\":\"item.acbag.recipe_book.ingredients.lapis_lazuli\",\"hoverEvent\":{\"action\":\"show_text\",\"contents\":[{\"translate\":\"item.minecraft.lapis_lazuli\"}]}}]','[{\"text\":\"\",\"font\":\"acbag:book\",\"color\":\"white\"},{\"translate\":\"item.acbag.bracelet\",\"color\":\"black\",\"bold\":true},{\"translate\":\"pack.acbag.new_line_double\"},{\"translate\":\"item.acbag.recipe_book.spaces.32\"},{\"translate\":\"item.acbag.recipe_book.icon.bracelet\",\"hoverEvent\":{\"action\":\"show_text\",\"contents\":[{\"translate\":\"item.acbag.bracelet.lore\"}]}},{\"translate\":\"pack.acbag.new_line_triple\"},{\"translate\":\"item.acbag.recipe_book.texts.recipe\",\"color\":\"black\"},{\"translate\":\"pack.acbag.new_line_double\"},{\"translate\":\"item.acbag.recipe_book.spaces.24\"},{\"translate\":\"item.acbag.recipe_book.ingredients.empty\"},{\"translate\":\"item.acbag.recipe_book.ingredients.iron_nugget\",\"hoverEvent\":{\"action\":\"show_text\",\"contents\":[{\"translate\":\"item.minecraft.iron_nugget\"}]}},{\"translate\":\"item.acbag.recipe_book.ingredients.iron_nugget\",\"hoverEvent\":{\"action\":\"show_text\",\"contents\":[{\"translate\":\"item.minecraft.iron_nugget\"}]}},{\"translate\":\"pack.acbag.new_line_double\"},{\"translate\":\"item.acbag.recipe_book.spaces.24\"},{\"translate\":\"item.acbag.recipe_book.ingredients.iron_nugget\",\"hoverEvent\":{\"action\":\"show_text\",\"contents\":[{\"translate\":\"item.minecraft.iron_nugget\"}]}},{\"translate\":\"item.acbag.recipe_book.ingredients.empty\"},{\"translate\":\"item.acbag.recipe_book.ingredients.iron_nugget\",\"hoverEvent\":{\"action\":\"show_text\",\"contents\":[{\"translate\":\"item.minecraft.iron_nugget\"}]}},{\"translate\":\"pack.acbag.new_line_double\"},{\"translate\":\"item.acbag.recipe_book.spaces.24\"},{\"translate\":\"item.acbag.recipe_book.ingredients.iron_nugget\",\"hoverEvent\":{\"action\":\"show_text\",\"contents\":[{\"translate\":\"item.minecraft.iron_nugget\"}]}},{\"translate\":\"item.acbag.recipe_book.ingredients.iron_nugget\",\"hoverEvent\":{\"action\":\"show_text\",\"contents\":[{\"translate\":\"item.minecraft.iron_nugget\"}]}},{\"translate\":\"item.acbag.recipe_book.ingredients.empty\"}]','[{\"text\":\"\",\"font\":\"acbag:book\",\"color\":\"white\"},{\"translate\":\"item.acbag.ring\",\"color\":\"black\",\"bold\":true},{\"translate\":\"pack.acbag.new_line_double\"},{\"translate\":\"item.acbag.recipe_book.spaces.32\"},{\"translate\":\"item.acbag.recipe_book.icon.ring\",\"hoverEvent\":{\"action\":\"show_text\",\"contents\":[{\"translate\":\"item.acbag.ring.lore\"}]}},{\"translate\":\"pack.acbag.new_line_triple\"},{\"translate\":\"item.acbag.recipe_book.texts.recipe\",\"color\":\"black\"},{\"translate\":\"pack.acbag.new_line_double\"},{\"translate\":\"item.acbag.recipe_book.spaces.24\"},{\"translate\":\"item.acbag.recipe_book.ingredients.empty\"},{\"translate\":\"item.acbag.recipe_book.ingredients.iron_nugget\",\"hoverEvent\":{\"action\":\"show_text\",\"contents\":[{\"translate\":\"item.minecraft.iron_nugget\"}]}},{\"translate\":\"item.acbag.recipe_book.ingredients.empty\"},{\"translate\":\"pack.acbag.new_line_double\"},{\"translate\":\"item.acbag.recipe_book.spaces.24\"},{\"translate\":\"item.acbag.recipe_book.ingredients.iron_nugget\",\"hoverEvent\":{\"action\":\"show_text\",\"contents\":[{\"translate\":\"item.minecraft.iron_nugget\"}]}},{\"translate\":\"item.acbag.recipe_book.ingredients.empty\"},{\"translate\":\"item.acbag.recipe_book.ingredients.iron_nugget\",\"hoverEvent\":{\"action\":\"show_text\",\"contents\":[{\"translate\":\"item.minecraft.iron_nugget\"}]}},{\"translate\":\"pack.acbag.new_line_double\"},{\"translate\":\"item.acbag.recipe_book.spaces.24\"},{\"translate\":\"item.acbag.recipe_book.ingredients.empty\"},{\"translate\":\"item.acbag.recipe_book.ingredients.iron_nugget\",\"hoverEvent\":{\"action\":\"show_text\",\"contents\":[{\"translate\":\"item.minecraft.iron_nugget\"}]}},{\"translate\":\"item.acbag.recipe_book.ingredients.empty\"}]','[{\"text\":\"\",\"font\":\"acbag:book\",\"color\":\"white\"},{\"translate\":\"item.acbag.jar\",\"color\":\"black\",\"bold\":true},{\"translate\":\"pack.acbag.new_line_double\"},{\"translate\":\"item.acbag.recipe_book.spaces.32\"},{\"translate\":\"item.acbag.recipe_book.icon.jar\",\"hoverEvent\":{\"action\":\"show_text\",\"contents\":[{\"translate\":\"item.acbag.jar.lore1\"},{\"translate\":\"pack.acbag.new_line\"},{\"translate\":\"item.acbag.jar.lore2\"}]}},{\"translate\":\"pack.acbag.new_line_triple\"},{\"translate\":\"item.acbag.recipe_book.texts.recipe\",\"color\":\"black\"},{\"translate\":\"pack.acbag.new_line_double\"},{\"translate\":\"item.acbag.recipe_book.spaces.24\"},{\"translate\":\"item.acbag.recipe_book.ingredients.glass\",\"hoverEvent\":{\"action\":\"show_text\",\"contents\":[{\"translate\":\"block.minecraft.glass\"}]}},{\"translate\":\"item.acbag.recipe_book.ingredients.empty\"},{\"translate\":\"item.acbag.recipe_book.ingredients.glass\",\"hoverEvent\":{\"action\":\"show_text\",\"contents\":[{\"translate\":\"block.minecraft.glass\"}]}},{\"translate\":\"pack.acbag.new_line_double\"},{\"translate\":\"item.acbag.recipe_book.spaces.24\"},{\"translate\":\"item.acbag.recipe_book.ingredients.glass\",\"hoverEvent\":{\"action\":\"show_text\",\"contents\":[{\"translate\":\"block.minecraft.glass\"}]}},{\"translate\":\"item.acbag.recipe_book.ingredients.empty\"},{\"translate\":\"item.acbag.recipe_book.ingredients.glass\",\"hoverEvent\":{\"action\":\"show_text\",\"contents\":[{\"translate\":\"block.minecraft.glass\"}]}},{\"translate\":\"pack.acbag.new_line_double\"},{\"translate\":\"item.acbag.recipe_book.spaces.24\"},{\"translate\":\"item.acbag.recipe_book.ingredients.glass\",\"hoverEvent\":{\"action\":\"show_text\",\"contents\":[{\"translate\":\"block.minecraft.glass\"}]}},{\"translate\":\"item.acbag.recipe_book.ingredients.glass\",\"hoverEvent\":{\"action\":\"show_text\",\"contents\":[{\"translate\":\"block.minecraft.glass\"}]}},{\"translate\":\"item.acbag.recipe_book.ingredients.glass\",\"hoverEvent\":{\"action\":\"show_text\",\"contents\":[{\"translate\":\"block.minecraft.glass\"}]}}]','[{\"text\":\"\",\"font\":\"acbag:book\",\"color\":\"white\"},{\"translate\":\"item.acbag.celestial_crystal\",\"color\":\"black\",\"bold\":true},{\"translate\":\"pack.acbag.new_line_double\"},{\"translate\":\"item.acbag.recipe_book.spaces.32\"},{\"translate\":\"item.acbag.recipe_book.icon.celestial_crystal\",\"hoverEvent\":{\"action\":\"show_text\",\"contents\":[{\"translate\":\"item.acbag.celestial_crystal.lore1\"},{\"translate\":\"pack.acbag.new_line\"},{\"translate\":\"item.acbag.celestial_crystal.lore2\"}]}},{\"translate\":\"pack.acbag.new_line_triple\"},{\"translate\":\"item.acbag.recipe_book.texts.recipe\",\"color\":\"black\"},{\"translate\":\"pack.acbag.new_line_double\"},{\"translate\":\"item.acbag.recipe_book.spaces.24\"},{\"translate\":\"item.acbag.recipe_book.ingredients.amethyst_shard\",\"hoverEvent\":{\"action\":\"show_text\",\"contents\":[{\"translate\":\"item.minecraft.amethyst_shard\"}]}},{\"translate\":\"item.acbag.recipe_book.ingredients.ender_eye\",\"hoverEvent\":{\"action\":\"show_text\",\"contents\":[{\"translate\":\"item.minecraft.ender_eye\"}]}},{\"translate\":\"item.acbag.recipe_book.ingredients.amethyst_shard\",\"hoverEvent\":{\"action\":\"show_text\",\"contents\":[{\"translate\":\"item.minecraft.amethyst_shard\"}]}},{\"translate\":\"pack.acbag.new_line_double\"},{\"translate\":\"item.acbag.recipe_book.spaces.24\"},{\"translate\":\"item.acbag.recipe_book.ingredients.ender_eye\",\"hoverEvent\":{\"action\":\"show_text\",\"contents\":[{\"translate\":\"item.minecraft.ender_eye\"}]}},{\"translate\":\"item.acbag.recipe_book.ingredients.nether_star\",\"hoverEvent\":{\"action\":\"show_text\",\"contents\":[{\"translate\":\"item.minecraft.nether_star\"}]}},{\"translate\":\"item.acbag.recipe_book.ingredients.ender_eye\",\"hoverEvent\":{\"action\":\"show_text\",\"contents\":[{\"translate\":\"item.minecraft.ender_eye\"}]}},{\"translate\":\"pack.acbag.new_line_double\"},{\"translate\":\"item.acbag.recipe_book.spaces.24\"},{\"translate\":\"item.acbag.recipe_book.ingredients.amethyst_shard\",\"hoverEvent\":{\"action\":\"show_text\",\"contents\":[{\"translate\":\"item.minecraft.amethyst_shard\"}]}},{\"translate\":\"item.acbag.recipe_book.ingredients.ender_eye\",\"hoverEvent\":{\"action\":\"show_text\",\"contents\":[{\"translate\":\"item.minecraft.ender_eye\"}]}},{\"translate\":\"item.acbag.recipe_book.ingredients.amethyst_shard\",\"hoverEvent\":{\"action\":\"show_text\",\"contents\":[{\"translate\":\"item.minecraft.amethyst_shard\"}]}}]','[{\"text\":\"\",\"font\":\"acbag:book\",\"color\":\"white\"},{\"translate\":\"item.acbag.anima_conduit\",\"color\":\"black\",\"bold\":true},{\"translate\":\"pack.acbag.new_line_double\"},{\"translate\":\"item.acbag.recipe_book.spaces.32\"},{\"translate\":\"item.acbag.recipe_book.icon.anima_conduit\",\"hoverEvent\":{\"action\":\"show_text\",\"contents\":[{\"translate\":\"item.acbag.anima_conduit.lore1\"},{\"translate\":\"pack.acbag.new_line\"},{\"translate\":\"item.acbag.anima_conduit.lore2\"},{\"translate\":\"pack.acbag.new_line\"},{\"translate\":\"item.acbag.anima_conduit.lore3\"}]}},{\"translate\":\"pack.acbag.new_line_triple\"},{\"translate\":\"item.acbag.recipe_book.texts.recipe\",\"color\":\"black\"},{\"translate\":\"pack.acbag.new_line_double\"},{\"translate\":\"item.acbag.recipe_book.spaces.24\"},{\"translate\":\"item.acbag.recipe_book.ingredients.soul_torch\",\"hoverEvent\":{\"action\":\"show_text\",\"contents\":[{\"translate\":\"block.minecraft.soul_torch\"}]}},{\"translate\":\"item.acbag.recipe_book.ingredients.wither_skeleton_skull\",\"hoverEvent\":{\"action\":\"show_text\",\"contents\":[{\"translate\":\"block.minecraft.wither_skeleton_skull\"}]}},{\"translate\":\"item.acbag.recipe_book.ingredients.soul_torch\",\"hoverEvent\":{\"action\":\"show_text\",\"contents\":[{\"translate\":\"block.minecraft.soul_torch\"}]}},{\"translate\":\"pack.acbag.new_line_double\"},{\"translate\":\"item.acbag.recipe_book.spaces.24\"},{\"translate\":\"item.acbag.recipe_book.ingredients.chain\",\"hoverEvent\":{\"action\":\"show_text\",\"contents\":[{\"translate\":\"block.minecraft.chain\"}]}},{\"translate\":\"item.acbag.recipe_book.ingredients.crystal_heart\",\"hoverEvent\":{\"action\":\"show_text\",\"contents\":[{\"translate\":\"item.acbag.crystal_heart\"}]}},{\"translate\":\"item.acbag.recipe_book.ingredients.chain\",\"hoverEvent\":{\"action\":\"show_text\",\"contents\":[{\"translate\":\"block.minecraft.chain\"}]}},{\"translate\":\"pack.acbag.new_line_double\"},{\"translate\":\"item.acbag.recipe_book.spaces.24\"},{\"translate\":\"item.acbag.recipe_book.ingredients.iron_ingot\",\"hoverEvent\":{\"action\":\"show_text\",\"contents\":[{\"translate\":\"item.minecraft.iron_ingot\"}]}},{\"translate\":\"item.acbag.recipe_book.ingredients.iron_ingot\",\"hoverEvent\":{\"action\":\"show_text\",\"contents\":[{\"translate\":\"item.minecraft.iron_ingot\"}]}},{\"translate\":\"item.acbag.recipe_book.ingredients.iron_ingot\",\"hoverEvent\":{\"action\":\"show_text\",\"contents\":[{\"translate\":\"item.minecraft.iron_ingot\"}]}}]','[{\"text\":\"\",\"font\":\"acbag:book\",\"color\":\"white\"},{\"translate\":\"item.acbag.feral_claws\",\"color\":\"black\",\"bold\":true},{\"translate\":\"pack.acbag.new_line_double\"},{\"translate\":\"item.acbag.recipe_book.spaces.32\"},{\"translate\":\"item.acbag.recipe_book.icon.feral_claws\",\"hoverEvent\":{\"action\":\"show_text\",\"contents\":[{\"translate\":\"item.acbag.feral_claws.lore1\"},{\"translate\":\"pack.acbag.new_line\"},{\"translate\":\"item.acbag.feral_claws.lore2\"}]}},{\"translate\":\"pack.acbag.new_line_triple\"},{\"translate\":\"item.acbag.recipe_book.texts.recipe\",\"color\":\"black\"},{\"translate\":\"pack.acbag.new_line_double\"},{\"translate\":\"item.acbag.recipe_book.spaces.24\"},{\"translate\":\"item.acbag.recipe_book.ingredients.empty\"},{\"translate\":\"item.acbag.recipe_book.ingredients.ghast_tear\",\"hoverEvent\":{\"action\":\"show_text\",\"contents\":[{\"translate\":\"item.minecraft.ghast_tear\"}]}},{\"translate\":\"item.acbag.recipe_book.ingredients.ghast_tear\",\"hoverEvent\":{\"action\":\"show_text\",\"contents\":[{\"translate\":\"item.minecraft.ghast_tear\"}]}},{\"translate\":\"pack.acbag.new_line_double\"},{\"translate\":\"item.acbag.recipe_book.spaces.24\"},{\"translate\":\"item.acbag.recipe_book.ingredients.leather\",\"hoverEvent\":{\"action\":\"show_text\",\"contents\":[{\"translate\":\"item.minecraft.leather\"}]}},{\"translate\":\"item.acbag.recipe_book.ingredients.phantom_membrane\",\"hoverEvent\":{\"action\":\"show_text\",\"contents\":[{\"translate\":\"item.minecraft.phantom_membrane\"}]}},{\"translate\":\"item.acbag.recipe_book.ingredients.ghast_tear\",\"hoverEvent\":{\"action\":\"show_text\",\"contents\":[{\"translate\":\"item.minecraft.ghast_tear\"}]}},{\"translate\":\"pack.acbag.new_line_double\"},{\"translate\":\"item.acbag.recipe_book.spaces.24\"},{\"translate\":\"item.acbag.recipe_book.ingredients.leather\",\"hoverEvent\":{\"action\":\"show_text\",\"contents\":[{\"translate\":\"item.minecraft.leather\"}]}},{\"translate\":\"item.acbag.recipe_book.ingredients.leather\",\"hoverEvent\":{\"action\":\"show_text\",\"contents\":[{\"translate\":\"item.minecraft.leather\"}]}},{\"translate\":\"item.acbag.recipe_book.ingredients.empty\"}]','[{\"text\":\"\",\"font\":\"acbag:book\",\"color\":\"white\"},{\"translate\":\"item.acbag.firecracker\",\"color\":\"black\",\"bold\":true},{\"translate\":\"pack.acbag.new_line_double\"},{\"translate\":\"item.acbag.recipe_book.spaces.32\"},{\"translate\":\"item.acbag.recipe_book.icon.firecracker\",\"hoverEvent\":{\"action\":\"show_text\",\"contents\":[{\"translate\":\"item.acbag.firecracker.lore1\"},{\"translate\":\"pack.acbag.new_line\"},{\"translate\":\"item.acbag.firecracker.lore2\"},{\"translate\":\"pack.acbag.new_line\"},{\"translate\":\"item.acbag.firecracker.lore3\"}]}},{\"translate\":\"pack.acbag.new_line_triple\"},{\"translate\":\"item.acbag.recipe_book.texts.recipe\",\"color\":\"black\"},{\"translate\":\"pack.acbag.new_line_double\"},{\"translate\":\"item.acbag.recipe_book.spaces.24\"},{\"translate\":\"item.acbag.recipe_book.ingredients.empty\"},{\"translate\":\"item.acbag.recipe_book.ingredients.yellow_candle\",\"hoverEvent\":{\"action\":\"show_text\",\"contents\":[{\"translate\":\"block.minecraft.yellow_candle\"}]}},{\"translate\":\"item.acbag.recipe_book.ingredients.fire_charge\",\"hoverEvent\":{\"action\":\"show_text\",\"contents\":[{\"translate\":\"item.minecraft.fire_charge\"}]}},{\"translate\":\"pack.acbag.new_line_double\"},{\"translate\":\"item.acbag.recipe_book.spaces.24\"},{\"translate\":\"item.acbag.recipe_book.ingredients.yellow_candle\",\"hoverEvent\":{\"action\":\"show_text\",\"contents\":[{\"translate\":\"block.minecraft.yellow_candle\"}]}},{\"translate\":\"item.acbag.recipe_book.ingredients.firework_rocket\",\"hoverEvent\":{\"action\":\"show_text\",\"contents\":[{\"translate\":\"item.minecraft.firework_rocket\"}]}},{\"translate\":\"item.acbag.recipe_book.ingredients.yellow_candle\",\"hoverEvent\":{\"action\":\"show_text\",\"contents\":[{\"translate\":\"block.minecraft.yellow_candle\"}]}},{\"translate\":\"pack.acbag.new_line_double\"},{\"translate\":\"item.acbag.recipe_book.spaces.24\"},{\"translate\":\"item.acbag.recipe_book.ingredients.tnt\",\"hoverEvent\":{\"action\":\"show_text\",\"contents\":[{\"translate\":\"block.minecraft.tnt\"}]}},{\"translate\":\"item.acbag.recipe_book.ingredients.yellow_candle\",\"hoverEvent\":{\"action\":\"show_text\",\"contents\":[{\"translate\":\"block.minecraft.yellow_candle\"}]}},{\"translate\":\"item.acbag.recipe_book.ingredients.empty\"}]','[{\"text\":\"\",\"font\":\"acbag:book\",\"color\":\"white\"},{\"translate\":\"item.acbag.hellfire_dart\",\"color\":\"black\",\"bold\":true},{\"translate\":\"pack.acbag.new_line_double\"},{\"translate\":\"item.acbag.recipe_book.spaces.32\"},{\"translate\":\"item.acbag.recipe_book.icon.hellfire_dart\",\"hoverEvent\":{\"action\":\"show_text\",\"contents\":[{\"translate\":\"item.acbag.hellfire_dart.lore1\"},{\"translate\":\"pack.acbag.new_line\"},{\"translate\":\"item.acbag.hellfire_dart.lore2\"},{\"translate\":\"pack.acbag.new_line\"},{\"translate\":\"item.acbag.hellfire_dart.lore3\"}]}},{\"translate\":\"pack.acbag.new_line_triple\"},{\"translate\":\"item.acbag.recipe_book.texts.recipe\",\"color\":\"black\"},{\"translate\":\"pack.acbag.new_line_double\"},{\"translate\":\"item.acbag.recipe_book.spaces.24\"},{\"translate\":\"item.acbag.recipe_book.ingredients.empty\"},{\"translate\":\"item.acbag.recipe_book.ingredients.blaze_rod\",\"hoverEvent\":{\"action\":\"show_text\",\"contents\":[{\"translate\":\"item.minecraft.blaze_rod\"}]}},{\"translate\":\"item.acbag.recipe_book.ingredients.fire_charge\",\"hoverEvent\":{\"action\":\"show_text\",\"contents\":[{\"translate\":\"item.minecraft.fire_charge\"}]}},{\"translate\":\"pack.acbag.new_line_double\"},{\"translate\":\"item.acbag.recipe_book.spaces.24\"},{\"translate\":\"item.acbag.recipe_book.ingredients.blaze_rod\",\"hoverEvent\":{\"action\":\"show_text\",\"contents\":[{\"translate\":\"item.minecraft.blaze_rod\"}]}},{\"translate\":\"item.acbag.recipe_book.ingredients.arrow\",\"hoverEvent\":{\"action\":\"show_text\",\"contents\":[{\"translate\":\"item.minecraft.arrow\"}]}},{\"translate\":\"item.acbag.recipe_book.ingredients.blaze_rod\",\"hoverEvent\":{\"action\":\"show_text\",\"contents\":[{\"translate\":\"item.minecraft.blaze_rod\"}]}},{\"translate\":\"pack.acbag.new_line_double\"},{\"translate\":\"item.acbag.recipe_book.spaces.24\"},{\"translate\":\"item.acbag.recipe_book.ingredients.magma_block\",\"hoverEvent\":{\"action\":\"show_text\",\"contents\":[{\"translate\":\"block.minecraft.magma_block\"}]}},{\"translate\":\"item.acbag.recipe_book.ingredients.blaze_rod\",\"hoverEvent\":{\"action\":\"show_text\",\"contents\":[{\"translate\":\"item.minecraft.blaze_rod\"}]}},{\"translate\":\"item.acbag.recipe_book.ingredients.empty\"}]','[{\"text\":\"\",\"font\":\"acbag:book\",\"color\":\"white\"},{\"translate\":\"item.acbag.scroll_of_containment\",\"color\":\"black\",\"bold\":true},{\"translate\":\"pack.acbag.new_line_double\"},{\"translate\":\"item.acbag.recipe_book.spaces.32\"},{\"translate\":\"item.acbag.recipe_book.icon.scroll_of_containment\",\"hoverEvent\":{\"action\":\"show_text\",\"contents\":[{\"translate\":\"item.acbag.scroll_of_containment.lore1\"},{\"translate\":\"pack.acbag.new_line\"},{\"translate\":\"item.acbag.scroll_of_containment.lore2\"}]}},{\"translate\":\"pack.acbag.new_line_triple\"},{\"translate\":\"item.acbag.recipe_book.texts.recipe\",\"color\":\"black\"},{\"translate\":\"pack.acbag.new_line_double\"},{\"translate\":\"item.acbag.recipe_book.spaces.24\"},{\"translate\":\"item.acbag.recipe_book.ingredients.empty\"},{\"translate\":\"item.acbag.recipe_book.ingredients.glow_ink_sac\",\"hoverEvent\":{\"action\":\"show_text\",\"contents\":[{\"translate\":\"item.minecraft.glow_ink_sac\"}]}},{\"translate\":\"item.acbag.recipe_book.ingredients.empty\"},{\"translate\":\"pack.acbag.new_line_double\"},{\"translate\":\"item.acbag.recipe_book.spaces.24\"},{\"translate\":\"item.acbag.recipe_book.ingredients.gray_dye\",\"hoverEvent\":{\"action\":\"show_text\",\"contents\":[{\"translate\":\"item.minecraft.gray_dye\"}]}},{\"translate\":\"item.acbag.recipe_book.ingredients.paper\",\"hoverEvent\":{\"action\":\"show_text\",\"contents\":[{\"translate\":\"item.minecraft.paper\"}]}},{\"translate\":\"item.acbag.recipe_book.ingredients.gray_dye\",\"hoverEvent\":{\"action\":\"show_text\",\"contents\":[{\"translate\":\"item.minecraft.gray_dye\"}]}},{\"translate\":\"pack.acbag.new_line_double\"},{\"translate\":\"item.acbag.recipe_book.spaces.24\"},{\"translate\":\"item.acbag.recipe_book.ingredients.empty\"},{\"translate\":\"item.acbag.recipe_book.ingredients.ender_pearl\",\"hoverEvent\":{\"action\":\"show_text\",\"contents\":[{\"translate\":\"item.minecraft.ender_pearl\"}]}},{\"translate\":\"item.acbag.recipe_book.ingredients.empty\"}]','[{\"text\":\"\",\"font\":\"acbag:book\",\"color\":\"white\"},{\"translate\":\"item.acbag.soulbound_trinket\",\"color\":\"black\",\"bold\":true},{\"translate\":\"pack.acbag.new_line_double\"},{\"translate\":\"item.acbag.recipe_book.spaces.32\"},{\"translate\":\"item.acbag.recipe_book.icon.soulbound_trinket\",\"hoverEvent\":{\"action\":\"show_text\",\"contents\":[{\"translate\":\"item.acbag.soulbound_trinket.lore1\"},{\"translate\":\"pack.acbag.new_line\"},{\"translate\":\"item.acbag.soulbound_trinket.lore2\"}]}},{\"translate\":\"pack.acbag.new_line_triple\"},{\"translate\":\"item.acbag.recipe_book.texts.recipe\",\"color\":\"black\"},{\"translate\":\"pack.acbag.new_line_double\"},{\"translate\":\"item.acbag.recipe_book.spaces.24\"},{\"translate\":\"item.acbag.recipe_book.ingredients.diamond\",\"hoverEvent\":{\"action\":\"show_text\",\"contents\":[{\"translate\":\"item.minecraft.diamond\"}]}},{\"translate\":\"item.acbag.recipe_book.ingredients.diamond\",\"hoverEvent\":{\"action\":\"show_text\",\"contents\":[{\"translate\":\"item.minecraft.diamond\"}]}},{\"translate\":\"item.acbag.recipe_book.ingredients.diamond\",\"hoverEvent\":{\"action\":\"show_text\",\"contents\":[{\"translate\":\"item.minecraft.diamond\"}]}},{\"translate\":\"pack.acbag.new_line_double\"},{\"translate\":\"item.acbag.recipe_book.spaces.24\"},{\"translate\":\"item.acbag.recipe_book.ingredients.diamond\",\"hoverEvent\":{\"action\":\"show_text\",\"contents\":[{\"translate\":\"item.minecraft.diamond\"}]}},{\"translate\":\"item.acbag.recipe_book.ingredients.ring\",\"hoverEvent\":{\"action\":\"show_text\",\"contents\":[{\"translate\":\"item.acbag.ring\"}]}},{\"translate\":\"item.acbag.recipe_book.ingredients.soul_soil\",\"hoverEvent\":{\"action\":\"show_text\",\"contents\":[{\"translate\":\"block.minecraft.soul_soil\"}]}},{\"translate\":\"pack.acbag.new_line_double\"},{\"translate\":\"item.acbag.recipe_book.spaces.24\"},{\"translate\":\"item.acbag.recipe_book.ingredients.diamond\",\"hoverEvent\":{\"action\":\"show_text\",\"contents\":[{\"translate\":\"item.minecraft.diamond\"}]}},{\"translate\":\"item.acbag.recipe_book.ingredients.soul_soil\",\"hoverEvent\":{\"action\":\"show_text\",\"contents\":[{\"translate\":\"block.minecraft.soul_soil\"}]}},{\"translate\":\"item.acbag.recipe_book.ingredients.soul_lantern\",\"hoverEvent\":{\"action\":\"show_text\",\"contents\":[{\"translate\":\"block.minecraft.soul_lantern\"}]}}]','[{\"text\":\"\",\"font\":\"acbag:book\",\"color\":\"white\"},{\"translate\":\"item.acbag.villager_sigil\",\"color\":\"black\",\"bold\":true},{\"translate\":\"pack.acbag.new_line_double\"},{\"translate\":\"item.acbag.recipe_book.spaces.32\"},{\"translate\":\"item.acbag.recipe_book.icon.villager_sigil\",\"hoverEvent\":{\"action\":\"show_text\",\"contents\":[{\"translate\":\"item.acbag.villager_sigil.lore1\"},{\"translate\":\"pack.acbag.new_line\"},{\"translate\":\"item.acbag.villager_sigil.lore2\"}]}},{\"translate\":\"pack.acbag.new_line_triple\"},{\"translate\":\"item.acbag.recipe_book.texts.recipe\",\"color\":\"black\"},{\"translate\":\"pack.acbag.new_line_double\"},{\"translate\":\"item.acbag.recipe_book.spaces.24\"},{\"translate\":\"item.acbag.recipe_book.ingredients.emerald_block\",\"hoverEvent\":{\"action\":\"show_text\",\"contents\":[{\"translate\":\"block.minecraft.emerald_block\"}]}},{\"translate\":\"item.acbag.recipe_book.ingredients.gold_nugget\",\"hoverEvent\":{\"action\":\"show_text\",\"contents\":[{\"translate\":\"item.minecraft.gold_nugget\"}]}},{\"translate\":\"item.acbag.recipe_book.ingredients.emerald_block\",\"hoverEvent\":{\"action\":\"show_text\",\"contents\":[{\"translate\":\"block.minecraft.emerald_block\"}]}},{\"translate\":\"pack.acbag.new_line_double\"},{\"translate\":\"item.acbag.recipe_book.spaces.24\"},{\"translate\":\"item.acbag.recipe_book.ingredients.gold_nugget\",\"hoverEvent\":{\"action\":\"show_text\",\"contents\":[{\"translate\":\"item.minecraft.gold_nugget\"}]}},{\"translate\":\"item.acbag.recipe_book.ingredients.totem_of_undying\",\"hoverEvent\":{\"action\":\"show_text\",\"contents\":[{\"translate\":\"item.minecraft.totem_of_undying\"}]}},{\"translate\":\"item.acbag.recipe_book.ingredients.gold_nugget\",\"hoverEvent\":{\"action\":\"show_text\",\"contents\":[{\"translate\":\"item.minecraft.gold_nugget\"}]}},{\"translate\":\"pack.acbag.new_line_double\"},{\"translate\":\"item.acbag.recipe_book.spaces.24\"},{\"translate\":\"item.acbag.recipe_book.ingredients.emerald_block\",\"hoverEvent\":{\"action\":\"show_text\",\"contents\":[{\"translate\":\"block.minecraft.emerald_block\"}]}},{\"translate\":\"item.acbag.recipe_book.ingredients.gold_nugget\",\"hoverEvent\":{\"action\":\"show_text\",\"contents\":[{\"translate\":\"item.minecraft.gold_nugget\"}]}},{\"translate\":\"item.acbag.recipe_book.ingredients.emerald_block\",\"hoverEvent\":{\"action\":\"show_text\",\"contents\":[{\"translate\":\"block.minecraft.emerald_block\"}]}}]','[{\"text\":\"\",\"font\":\"acbag:book\",\"color\":\"white\"},{\"translate\":\"item.acbag.ender_beacon\",\"color\":\"black\",\"bold\":true},{\"translate\":\"pack.acbag.new_line_double\"},{\"translate\":\"item.acbag.recipe_book.spaces.32\"},{\"translate\":\"item.acbag.recipe_book.icon.ender_beacon\",\"hoverEvent\":{\"action\":\"show_text\",\"contents\":[{\"translate\":\"item.acbag.ender_beacon.lore1\"},{\"translate\":\"pack.acbag.new_line\"},{\"translate\":\"item.acbag.ender_beacon.lore2\"}]}},{\"translate\":\"pack.acbag.new_line_triple\"},{\"translate\":\"item.acbag.recipe_book.texts.recipe\",\"color\":\"black\"},{\"translate\":\"pack.acbag.new_line_double\"},{\"translate\":\"item.acbag.recipe_book.spaces.24\"},{\"translate\":\"item.acbag.recipe_book.ingredients.chorus_plant\",\"hoverEvent\":{\"action\":\"show_text\",\"contents\":[{\"translate\":\"block.minecraft.chorus_plant\"}]}},{\"translate\":\"item.acbag.recipe_book.ingredients.end_rod\",\"hoverEvent\":{\"action\":\"show_text\",\"contents\":[{\"translate\":\"block.minecraft.end_rod\"}]}},{\"translate\":\"item.acbag.recipe_book.ingredients.chorus_plant\",\"hoverEvent\":{\"action\":\"show_text\",\"contents\":[{\"translate\":\"block.minecraft.chorus_plant\"}]}},{\"translate\":\"pack.acbag.new_line_double\"},{\"translate\":\"item.acbag.recipe_book.spaces.24\"},{\"translate\":\"item.acbag.recipe_book.ingredients.end_rod\",\"hoverEvent\":{\"action\":\"show_text\",\"contents\":[{\"translate\":\"block.minecraft.end_rod\"}]}},{\"translate\":\"item.acbag.recipe_book.ingredients.end_crystal\",\"hoverEvent\":{\"action\":\"show_text\",\"contents\":[{\"translate\":\"item.minecraft.end_crystal\"}]}},{\"translate\":\"item.acbag.recipe_book.ingredients.end_rod\",\"hoverEvent\":{\"action\":\"show_text\",\"contents\":[{\"translate\":\"block.minecraft.end_rod\"}]}},{\"translate\":\"pack.acbag.new_line_double\"},{\"translate\":\"item.acbag.recipe_book.spaces.24\"},{\"translate\":\"item.acbag.recipe_book.ingredients.quartz\",\"hoverEvent\":{\"action\":\"show_text\",\"contents\":[{\"translate\":\"item.minecraft.quartz\"}]}},{\"translate\":\"item.acbag.recipe_book.ingredients.chorus_plant\",\"hoverEvent\":{\"action\":\"show_text\",\"contents\":[{\"translate\":\"block.minecraft.chorus_plant\"}]}},{\"translate\":\"item.acbag.recipe_book.ingredients.quartz\",\"hoverEvent\":{\"action\":\"show_text\",\"contents\":[{\"translate\":\"item.minecraft.quartz\"}]}}]','[{\"text\":\"\",\"font\":\"acbag:book\",\"color\":\"white\"},{\"translate\":\"item.acbag.faraday_jewel\",\"color\":\"black\",\"bold\":true},{\"translate\":\"pack.acbag.new_line_double\"},{\"translate\":\"item.acbag.recipe_book.spaces.32\"},{\"translate\":\"item.acbag.recipe_book.icon.faraday_jewel\",\"hoverEvent\":{\"action\":\"show_text\",\"contents\":[{\"translate\":\"item.acbag.faraday_jewel.lore1\"},{\"translate\":\"pack.acbag.new_line\"},{\"translate\":\"item.acbag.faraday_jewel.lore2\"},{\"translate\":\"pack.acbag.new_line\"},{\"translate\":\"item.acbag.faraday_jewel.lore3\"},{\"translate\":\"pack.acbag.new_line\"},{\"translate\":\"item.acbag.faraday_jewel.lore4\"}]}},{\"translate\":\"pack.acbag.new_line_triple\"},{\"translate\":\"item.acbag.recipe_book.texts.recipe\",\"color\":\"black\"},{\"translate\":\"pack.acbag.new_line_double\"},{\"translate\":\"item.acbag.recipe_book.spaces.24\"},{\"translate\":\"item.acbag.recipe_book.ingredients.empty\"},{\"translate\":\"item.acbag.recipe_book.ingredients.copper_ingot\",\"hoverEvent\":{\"action\":\"show_text\",\"contents\":[{\"translate\":\"item.minecraft.copper_ingot\"}]}},{\"translate\":\"item.acbag.recipe_book.ingredients.diamond_block\",\"hoverEvent\":{\"action\":\"show_text\",\"contents\":[{\"translate\":\"block.minecraft.diamond_block\"}]}},{\"translate\":\"pack.acbag.new_line_double\"},{\"translate\":\"item.acbag.recipe_book.spaces.24\"},{\"translate\":\"item.acbag.recipe_book.ingredients.copper_ingot\",\"hoverEvent\":{\"action\":\"show_text\",\"contents\":[{\"translate\":\"item.minecraft.copper_ingot\"}]}},{\"translate\":\"item.acbag.recipe_book.ingredients.bracelet\",\"hoverEvent\":{\"action\":\"show_text\",\"contents\":[{\"translate\":\"item.acbag.bracelet\"}]}},{\"translate\":\"item.acbag.recipe_book.ingredients.copper_ingot\",\"hoverEvent\":{\"action\":\"show_text\",\"contents\":[{\"translate\":\"item.minecraft.copper_ingot\"}]}},{\"translate\":\"pack.acbag.new_line_double\"},{\"translate\":\"item.acbag.recipe_book.spaces.24\"},{\"translate\":\"item.acbag.recipe_book.ingredients.empty\"},{\"translate\":\"item.acbag.recipe_book.ingredients.copper_ingot\",\"hoverEvent\":{\"action\":\"show_text\",\"contents\":[{\"translate\":\"item.minecraft.copper_ingot\"}]}},{\"translate\":\"item.acbag.recipe_book.ingredients.empty\"}]','[{\"text\":\"\",\"font\":\"acbag:book\",\"color\":\"white\"},{\"translate\":\"item.acbag.enchanted_string\",\"color\":\"black\",\"bold\":true},{\"translate\":\"pack.acbag.new_line_double\"},{\"translate\":\"item.acbag.recipe_book.spaces.32\"},{\"translate\":\"item.acbag.recipe_book.icon.enchanted_string\",\"hoverEvent\":{\"action\":\"show_text\",\"contents\":[{\"translate\":\"item.acbag.enchanted_string.lore\"}]}},{\"translate\":\"pack.acbag.new_line_triple\"},{\"translate\":\"item.acbag.recipe_book.texts.recipe\",\"color\":\"black\"},{\"translate\":\"pack.acbag.new_line_double\"},{\"translate\":\"item.acbag.recipe_book.spaces.24\"},{\"translate\":\"item.acbag.recipe_book.ingredients.twisting_vines\",\"hoverEvent\":{\"action\":\"show_text\",\"contents\":[{\"translate\":\"block.minecraft.twisting_vines\"}]}},{\"translate\":\"item.acbag.recipe_book.ingredients.lapis_block\",\"hoverEvent\":{\"action\":\"show_text\",\"contents\":[{\"translate\":\"block.minecraft.lapis_block\"}]}},{\"translate\":\"item.acbag.recipe_book.ingredients.twisting_vines\",\"hoverEvent\":{\"action\":\"show_text\",\"contents\":[{\"translate\":\"block.minecraft.twisting_vines\"}]}},{\"translate\":\"pack.acbag.new_line_double\"},{\"translate\":\"item.acbag.recipe_book.spaces.24\"},{\"translate\":\"item.acbag.recipe_book.ingredients.lapis_block\",\"hoverEvent\":{\"action\":\"show_text\",\"contents\":[{\"translate\":\"block.minecraft.lapis_block\"}]}},{\"translate\":\"item.acbag.recipe_book.ingredients.twisting_vines\",\"hoverEvent\":{\"action\":\"show_text\",\"contents\":[{\"translate\":\"block.minecraft.twisting_vines\"}]}},{\"translate\":\"item.acbag.recipe_book.ingredients.lapis_block\",\"hoverEvent\":{\"action\":\"show_text\",\"contents\":[{\"translate\":\"block.minecraft.lapis_block\"}]}},{\"translate\":\"pack.acbag.new_line_double\"},{\"translate\":\"item.acbag.recipe_book.spaces.24\"},{\"translate\":\"item.acbag.recipe_book.ingredients.twisting_vines\",\"hoverEvent\":{\"action\":\"show_text\",\"contents\":[{\"translate\":\"block.minecraft.twisting_vines\"}]}},{\"translate\":\"item.acbag.recipe_book.ingredients.lapis_block\",\"hoverEvent\":{\"action\":\"show_text\",\"contents\":[{\"translate\":\"block.minecraft.lapis_block\"}]}},{\"translate\":\"item.acbag.recipe_book.ingredients.twisting_vines\",\"hoverEvent\":{\"action\":\"show_text\",\"contents\":[{\"translate\":\"block.minecraft.twisting_vines\"}]}}]','[{\"text\":\"\",\"font\":\"acbag:book\",\"color\":\"white\"},{\"translate\":\"item.acbag.guardian_resonator\",\"color\":\"black\",\"bold\":true},{\"translate\":\"pack.acbag.new_line_double\"},{\"translate\":\"item.acbag.recipe_book.spaces.32\"},{\"translate\":\"item.acbag.recipe_book.icon.guardian_resonator\",\"hoverEvent\":{\"action\":\"show_text\",\"contents\":[{\"translate\":\"item.acbag.guardian_resonator.lore1\"},{\"translate\":\"pack.acbag.new_line\"},{\"translate\":\"item.acbag.guardian_resonator.lore2\"},{\"translate\":\"pack.acbag.new_line\"},{\"translate\":\"item.acbag.guardian_resonator.lore3\"}]}},{\"translate\":\"pack.acbag.new_line_triple\"},{\"translate\":\"item.acbag.recipe_book.texts.recipe\",\"color\":\"black\"},{\"translate\":\"pack.acbag.new_line_double\"},{\"translate\":\"item.acbag.recipe_book.spaces.24\"},{\"translate\":\"item.acbag.recipe_book.ingredients.prismarine_shard\",\"hoverEvent\":{\"action\":\"show_text\",\"contents\":[{\"translate\":\"item.minecraft.prismarine_shard\"}]}},{\"translate\":\"item.acbag.recipe_book.ingredients.prismarine_shard\",\"hoverEvent\":{\"action\":\"show_text\",\"contents\":[{\"translate\":\"item.minecraft.prismarine_shard\"}]}},{\"translate\":\"item.acbag.recipe_book.ingredients.prismarine_shard\",\"hoverEvent\":{\"action\":\"show_text\",\"contents\":[{\"translate\":\"item.minecraft.prismarine_shard\"}]}},{\"translate\":\"pack.acbag.new_line_double\"},{\"translate\":\"item.acbag.recipe_book.spaces.24\"},{\"translate\":\"item.acbag.recipe_book.ingredients.quartz\",\"hoverEvent\":{\"action\":\"show_text\",\"contents\":[{\"translate\":\"item.minecraft.quartz\"}]}},{\"translate\":\"item.acbag.recipe_book.ingredients.heart_of_the_sea\",\"hoverEvent\":{\"action\":\"show_text\",\"contents\":[{\"translate\":\"item.minecraft.heart_of_the_sea\"}]}},{\"translate\":\"item.acbag.recipe_book.ingredients.prismarine_shard\",\"hoverEvent\":{\"action\":\"show_text\",\"contents\":[{\"translate\":\"item.minecraft.prismarine_shard\"}]}},{\"translate\":\"pack.acbag.new_line_double\"},{\"translate\":\"item.acbag.recipe_book.spaces.24\"},{\"translate\":\"item.acbag.recipe_book.ingredients.empty\"},{\"translate\":\"item.acbag.recipe_book.ingredients.quartz\",\"hoverEvent\":{\"action\":\"show_text\",\"contents\":[{\"translate\":\"item.minecraft.quartz\"}]}},{\"translate\":\"item.acbag.recipe_book.ingredients.prismarine_shard\",\"hoverEvent\":{\"action\":\"show_text\",\"contents\":[{\"translate\":\"item.minecraft.prismarine_shard\"}]}}]','[{\"text\":\"\",\"font\":\"acbag:book\",\"color\":\"white\"},{\"translate\":\"item.acbag.fungi_concoction\",\"color\":\"black\",\"bold\":true},{\"translate\":\"pack.acbag.new_line_double\"},{\"translate\":\"item.acbag.recipe_book.spaces.32\"},{\"translate\":\"item.acbag.recipe_book.icon.fungi_concoction\",\"hoverEvent\":{\"action\":\"show_text\",\"contents\":[{\"translate\":\"item.acbag.fungi_concoction.lore1\"},{\"translate\":\"pack.acbag.new_line\"},{\"translate\":\"item.acbag.fungi_concoction.lore2\"},{\"translate\":\"pack.acbag.new_line\"},{\"translate\":\"item.acbag.fungi_concoction.lore3\"},{\"translate\":\"pack.acbag.new_line\"},{\"translate\":\"item.acbag.fungi_concoction.lore4\"},{\"translate\":\"pack.acbag.new_line\"},{\"translate\":\"item.acbag.fungi_concoction.lore5\"}]}},{\"translate\":\"pack.acbag.new_line_triple\"},{\"translate\":\"item.acbag.recipe_book.texts.recipe\",\"color\":\"black\"},{\"translate\":\"pack.acbag.new_line_double\"},{\"translate\":\"item.acbag.recipe_book.spaces.24\"},{\"translate\":\"item.acbag.recipe_book.ingredients.blaze_rod\",\"hoverEvent\":{\"action\":\"show_text\",\"contents\":[{\"translate\":\"item.minecraft.blaze_rod\"}]}},{\"translate\":\"item.acbag.recipe_book.ingredients.blaze_rod\",\"hoverEvent\":{\"action\":\"show_text\",\"contents\":[{\"translate\":\"item.minecraft.blaze_rod\"}]}},{\"translate\":\"item.acbag.recipe_book.ingredients.blaze_rod\",\"hoverEvent\":{\"action\":\"show_text\",\"contents\":[{\"translate\":\"item.minecraft.blaze_rod\"}]}},{\"translate\":\"pack.acbag.new_line_double\"},{\"translate\":\"item.acbag.recipe_book.spaces.24\"},{\"translate\":\"item.acbag.recipe_book.ingredients.brown_mushroom\",\"hoverEvent\":{\"action\":\"show_text\",\"contents\":[{\"translate\":\"block.minecraft.brown_mushroom\"}]}},{\"translate\":\"item.acbag.recipe_book.ingredients.jar\",\"hoverEvent\":{\"action\":\"show_text\",\"contents\":[{\"translate\":\"item.acbag.jar\"}]}},{\"translate\":\"item.acbag.recipe_book.ingredients.brown_mushroom\",\"hoverEvent\":{\"action\":\"show_text\",\"contents\":[{\"translate\":\"block.minecraft.brown_mushroom\"}]}},{\"translate\":\"pack.acbag.new_line_double\"},{\"translate\":\"item.acbag.recipe_book.spaces.24\"},{\"translate\":\"item.acbag.recipe_book.ingredients.red_mushroom\",\"hoverEvent\":{\"action\":\"show_text\",\"contents\":[{\"translate\":\"block.minecraft.red_mushroom\"}]}},{\"translate\":\"item.acbag.recipe_book.ingredients.gigashroom\",\"hoverEvent\":{\"action\":\"show_text\",\"contents\":[{\"translate\":\"item.acbag.gigashroom\"}]}},{\"translate\":\"item.acbag.recipe_book.ingredients.red_mushroom\",\"hoverEvent\":{\"action\":\"show_text\",\"contents\":[{\"translate\":\"block.minecraft.red_mushroom\"}]}}]','[{\"text\":\"\",\"font\":\"acbag:book\",\"color\":\"white\"},{\"translate\":\"item.acbag.damage_meter\",\"color\":\"black\",\"bold\":true},{\"translate\":\"pack.acbag.new_line_double\"},{\"translate\":\"item.acbag.recipe_book.spaces.32\"},{\"translate\":\"item.acbag.recipe_book.icon.damage_meter\",\"hoverEvent\":{\"action\":\"show_text\",\"contents\":[{\"translate\":\"item.acbag.damage_meter.lore1\"},{\"translate\":\"pack.acbag.new_line\"},{\"translate\":\"item.acbag.damage_meter.lore2\"}]}},{\"translate\":\"pack.acbag.new_line_triple\"},{\"translate\":\"item.acbag.recipe_book.texts.recipe\",\"color\":\"black\"},{\"translate\":\"pack.acbag.new_line_double\"},{\"translate\":\"item.acbag.recipe_book.spaces.24\"},{\"translate\":\"item.acbag.recipe_book.ingredients.empty\"},{\"translate\":\"item.acbag.recipe_book.ingredients.iron_ingot\",\"hoverEvent\":{\"action\":\"show_text\",\"contents\":[{\"translate\":\"item.minecraft.iron_ingot\"}]}},{\"translate\":\"item.acbag.recipe_book.ingredients.empty\"},{\"translate\":\"pack.acbag.new_line_double\"},{\"translate\":\"item.acbag.recipe_book.spaces.24\"},{\"translate\":\"item.acbag.recipe_book.ingredients.iron_ingot\",\"hoverEvent\":{\"action\":\"show_text\",\"contents\":[{\"translate\":\"item.minecraft.iron_ingot\"}]}},{\"translate\":\"item.acbag.recipe_book.ingredients.compass\",\"hoverEvent\":{\"action\":\"show_text\",\"contents\":[{\"translate\":\"item.minecraft.compass\"}]}},{\"translate\":\"item.acbag.recipe_book.ingredients.iron_ingot\",\"hoverEvent\":{\"action\":\"show_text\",\"contents\":[{\"translate\":\"item.minecraft.iron_ingot\"}]}},{\"translate\":\"pack.acbag.new_line_double\"},{\"translate\":\"item.acbag.recipe_book.spaces.24\"},{\"translate\":\"item.acbag.recipe_book.ingredients.copper_ingot\",\"hoverEvent\":{\"action\":\"show_text\",\"contents\":[{\"translate\":\"item.minecraft.copper_ingot\"}]}},{\"translate\":\"item.acbag.recipe_book.ingredients.copper_ingot\",\"hoverEvent\":{\"action\":\"show_text\",\"contents\":[{\"translate\":\"item.minecraft.copper_ingot\"}]}},{\"translate\":\"item.acbag.recipe_book.ingredients.copper_ingot\",\"hoverEvent\":{\"action\":\"show_text\",\"contents\":[{\"translate\":\"item.minecraft.copper_ingot\"}]}}]','[{\"text\":\"\",\"font\":\"acbag:book\",\"color\":\"white\"},{\"translate\":\"item.acbag.cursed_pumpkin_medallion\",\"color\":\"black\",\"bold\":true},{\"translate\":\"pack.acbag.new_line_double\"},{\"translate\":\"item.acbag.recipe_book.spaces.32\"},{\"translate\":\"item.acbag.recipe_book.icon.cursed_pumpkin_medallion\",\"hoverEvent\":{\"action\":\"show_text\",\"contents\":[{\"translate\":\"item.acbag.cursed_pumpkin_medallion.lore1\"},{\"translate\":\"pack.acbag.new_line\"},{\"translate\":\"item.acbag.cursed_pumpkin_medallion.lore2\"}]}},{\"translate\":\"pack.acbag.new_line_triple\"},{\"translate\":\"item.acbag.recipe_book.texts.recipe\",\"color\":\"black\"},{\"translate\":\"pack.acbag.new_line_double\"},{\"translate\":\"item.acbag.recipe_book.spaces.24\"},{\"translate\":\"item.acbag.recipe_book.ingredients.black_dye\",\"hoverEvent\":{\"action\":\"show_text\",\"contents\":[{\"translate\":\"item.minecraft.black_dye\"}]}},{\"translate\":\"item.acbag.recipe_book.ingredients.black_dye\",\"hoverEvent\":{\"action\":\"show_text\",\"contents\":[{\"translate\":\"item.minecraft.black_dye\"}]}},{\"translate\":\"item.acbag.recipe_book.ingredients.black_dye\",\"hoverEvent\":{\"action\":\"show_text\",\"contents\":[{\"translate\":\"item.minecraft.black_dye\"}]}},{\"translate\":\"pack.acbag.new_line_double\"},{\"translate\":\"item.acbag.recipe_book.spaces.24\"},{\"translate\":\"item.acbag.recipe_book.ingredients.black_dye\",\"hoverEvent\":{\"action\":\"show_text\",\"contents\":[{\"translate\":\"item.minecraft.black_dye\"}]}},{\"translate\":\"item.acbag.recipe_book.ingredients.carved_pumpkin\",\"hoverEvent\":{\"action\":\"show_text\",\"contents\":[{\"translate\":\"block.minecraft.carved_pumpkin\"}]}},{\"translate\":\"item.acbag.recipe_book.ingredients.black_dye\",\"hoverEvent\":{\"action\":\"show_text\",\"contents\":[{\"translate\":\"item.minecraft.black_dye\"}]}},{\"translate\":\"pack.acbag.new_line_double\"},{\"translate\":\"item.acbag.recipe_book.spaces.24\"},{\"translate\":\"item.acbag.recipe_book.ingredients.black_dye\",\"hoverEvent\":{\"action\":\"show_text\",\"contents\":[{\"translate\":\"item.minecraft.black_dye\"}]}},{\"translate\":\"item.acbag.recipe_book.ingredients.soul_torch\",\"hoverEvent\":{\"action\":\"show_text\",\"contents\":[{\"translate\":\"block.minecraft.soul_torch\"}]}},{\"translate\":\"item.acbag.recipe_book.ingredients.black_dye\",\"hoverEvent\":{\"action\":\"show_text\",\"contents\":[{\"translate\":\"item.minecraft.black_dye\"}]}}]','[{\"text\":\"\",\"font\":\"acbag:book\",\"color\":\"white\"},{\"translate\":\"item.acbag.buzzing_crown\",\"color\":\"black\",\"bold\":true},{\"translate\":\"pack.acbag.new_line_double\"},{\"translate\":\"item.acbag.recipe_book.spaces.32\"},{\"translate\":\"item.acbag.recipe_book.icon.buzzing_crown\",\"hoverEvent\":{\"action\":\"show_text\",\"contents\":[{\"translate\":\"item.acbag.buzzing_crown.lore1\"},{\"translate\":\"pack.acbag.new_line\"},{\"translate\":\"item.acbag.buzzing_crown.lore2\"}]}},{\"translate\":\"pack.acbag.new_line_triple\"},{\"translate\":\"item.acbag.recipe_book.texts.recipe\",\"color\":\"black\"},{\"translate\":\"pack.acbag.new_line_double\"},{\"translate\":\"item.acbag.recipe_book.spaces.24\"},{\"translate\":\"item.acbag.recipe_book.ingredients.empty\"},{\"translate\":\"item.acbag.recipe_book.ingredients.raw_gold_block\",\"hoverEvent\":{\"action\":\"show_text\",\"contents\":[{\"translate\":\"block.minecraft.raw_gold_block\"}]}},{\"translate\":\"item.acbag.recipe_book.ingredients.empty\"},{\"translate\":\"pack.acbag.new_line_double\"},{\"translate\":\"item.acbag.recipe_book.spaces.24\"},{\"translate\":\"item.acbag.recipe_book.ingredients.raw_gold_block\",\"hoverEvent\":{\"action\":\"show_text\",\"contents\":[{\"translate\":\"block.minecraft.raw_gold_block\"}]}},{\"translate\":\"item.acbag.recipe_book.ingredients.honeycomb\",\"hoverEvent\":{\"action\":\"show_text\",\"contents\":[{\"translate\":\"item.minecraft.honeycomb\"}]}},{\"translate\":\"item.acbag.recipe_book.ingredients.raw_gold_block\",\"hoverEvent\":{\"action\":\"show_text\",\"contents\":[{\"translate\":\"block.minecraft.raw_gold_block\"}]}},{\"translate\":\"pack.acbag.new_line_double\"},{\"translate\":\"item.acbag.recipe_book.spaces.24\"},{\"translate\":\"item.acbag.recipe_book.ingredients.raw_gold_block\",\"hoverEvent\":{\"action\":\"show_text\",\"contents\":[{\"translate\":\"block.minecraft.raw_gold_block\"}]}},{\"translate\":\"item.acbag.recipe_book.ingredients.raw_gold_block\",\"hoverEvent\":{\"action\":\"show_text\",\"contents\":[{\"translate\":\"block.minecraft.raw_gold_block\"}]}},{\"translate\":\"item.acbag.recipe_book.ingredients.raw_gold_block\",\"hoverEvent\":{\"action\":\"show_text\",\"contents\":[{\"translate\":\"block.minecraft.raw_gold_block\"}]}}]','[{\"text\":\"\",\"font\":\"acbag:book\",\"color\":\"white\"},{\"translate\":\"item.acbag.crystal_heart\",\"color\":\"black\",\"bold\":true},{\"translate\":\"pack.acbag.new_line_double\"},{\"translate\":\"item.acbag.recipe_book.spaces.32\"},{\"translate\":\"item.acbag.recipe_book.icon.crystal_heart\",\"hoverEvent\":{\"action\":\"show_text\",\"contents\":[{\"translate\":\"item.acbag.crystal_heart.lore\"}]}},{\"translate\":\"pack.acbag.new_line_triple\"},{\"translate\":\"item.acbag.recipe_book.texts.recipe\",\"color\":\"black\"},{\"translate\":\"pack.acbag.new_line_double\"},{\"translate\":\"item.acbag.recipe_book.spaces.24\"},{\"translate\":\"item.acbag.recipe_book.ingredients.red_mushroom_block\",\"hoverEvent\":{\"action\":\"show_text\",\"contents\":[{\"translate\":\"block.minecraft.red_mushroom_block\"}]}},{\"translate\":\"item.acbag.recipe_book.ingredients.amethyst_block\",\"hoverEvent\":{\"action\":\"show_text\",\"contents\":[{\"translate\":\"block.minecraft.amethyst_block\"}]}},{\"translate\":\"item.acbag.recipe_book.ingredients.red_mushroom_block\",\"hoverEvent\":{\"action\":\"show_text\",\"contents\":[{\"translate\":\"block.minecraft.red_mushroom_block\"}]}},{\"translate\":\"pack.acbag.new_line_double\"},{\"translate\":\"item.acbag.recipe_book.spaces.24\"},{\"translate\":\"item.acbag.recipe_book.ingredients.red_mushroom_block\",\"hoverEvent\":{\"action\":\"show_text\",\"contents\":[{\"translate\":\"block.minecraft.red_mushroom_block\"}]}},{\"translate\":\"item.acbag.recipe_book.ingredients.red_mushroom_block\",\"hoverEvent\":{\"action\":\"show_text\",\"contents\":[{\"translate\":\"block.minecraft.red_mushroom_block\"}]}},{\"translate\":\"item.acbag.recipe_book.ingredients.red_mushroom_block\",\"hoverEvent\":{\"action\":\"show_text\",\"contents\":[{\"translate\":\"block.minecraft.red_mushroom_block\"}]}},{\"translate\":\"pack.acbag.new_line_double\"},{\"translate\":\"item.acbag.recipe_book.spaces.24\"},{\"translate\":\"item.acbag.recipe_book.ingredients.weeping_vines\",\"hoverEvent\":{\"action\":\"show_text\",\"contents\":[{\"translate\":\"block.minecraft.weeping_vines\"}]}},{\"translate\":\"item.acbag.recipe_book.ingredients.red_mushroom_block\",\"hoverEvent\":{\"action\":\"show_text\",\"contents\":[{\"translate\":\"block.minecraft.red_mushroom_block\"}]}},{\"translate\":\"item.acbag.recipe_book.ingredients.weeping_vines\",\"hoverEvent\":{\"action\":\"show_text\",\"contents\":[{\"translate\":\"block.minecraft.weeping_vines\"}]}}]','[{\"text\":\"\",\"font\":\"acbag:book\",\"color\":\"white\"},{\"translate\":\"item.acbag.gale_trident\",\"color\":\"black\",\"bold\":true},{\"translate\":\"pack.acbag.new_line_double\"},{\"translate\":\"item.acbag.recipe_book.spaces.32\"},{\"translate\":\"item.acbag.recipe_book.icon.gale_trident\",\"hoverEvent\":{\"action\":\"show_text\",\"contents\":[{\"translate\":\"item.acbag.gale_trident.lore1\"},{\"translate\":\"pack.acbag.new_line\"},{\"translate\":\"item.acbag.gale_trident.lore2\"}]}},{\"translate\":\"pack.acbag.new_line_triple\"},{\"translate\":\"item.acbag.recipe_book.texts.recipe\",\"color\":\"black\"},{\"translate\":\"pack.acbag.new_line_double\"},{\"translate\":\"item.acbag.recipe_book.spaces.24\"},{\"translate\":\"item.acbag.recipe_book.ingredients.snowball\",\"hoverEvent\":{\"action\":\"show_text\",\"contents\":[{\"translate\":\"item.minecraft.snowball\"}]}},{\"translate\":\"item.acbag.recipe_book.ingredients.snowball\",\"hoverEvent\":{\"action\":\"show_text\",\"contents\":[{\"translate\":\"item.minecraft.snowball\"}]}},{\"translate\":\"item.acbag.recipe_book.ingredients.snowball\",\"hoverEvent\":{\"action\":\"show_text\",\"contents\":[{\"translate\":\"item.minecraft.snowball\"}]}},{\"translate\":\"pack.acbag.new_line_double\"},{\"translate\":\"item.acbag.recipe_book.spaces.24\"},{\"translate\":\"item.acbag.recipe_book.ingredients.snowball\",\"hoverEvent\":{\"action\":\"show_text\",\"contents\":[{\"translate\":\"item.minecraft.snowball\"}]}},{\"translate\":\"item.acbag.recipe_book.ingredients.trident\",\"hoverEvent\":{\"action\":\"show_text\",\"contents\":[{\"translate\":\"item.minecraft.trident\"}]}},{\"translate\":\"item.acbag.recipe_book.ingredients.snowball\",\"hoverEvent\":{\"action\":\"show_text\",\"contents\":[{\"translate\":\"item.minecraft.snowball\"}]}},{\"translate\":\"pack.acbag.new_line_double\"},{\"translate\":\"item.acbag.recipe_book.spaces.24\"},{\"translate\":\"item.acbag.recipe_book.ingredients.snowball\",\"hoverEvent\":{\"action\":\"show_text\",\"contents\":[{\"translate\":\"item.minecraft.snowball\"}]}},{\"translate\":\"item.acbag.recipe_book.ingredients.snowball\",\"hoverEvent\":{\"action\":\"show_text\",\"contents\":[{\"translate\":\"item.minecraft.snowball\"}]}},{\"translate\":\"item.acbag.recipe_book.ingredients.snowball\",\"hoverEvent\":{\"action\":\"show_text\",\"contents\":[{\"translate\":\"item.minecraft.snowball\"}]}}]','[{\"text\":\"\",\"font\":\"acbag:book\",\"color\":\"white\"},{\"translate\":\"item.acbag.autofeeder\",\"color\":\"black\",\"bold\":true},{\"translate\":\"pack.acbag.new_line_double\"},{\"translate\":\"item.acbag.recipe_book.spaces.32\"},{\"translate\":\"item.acbag.recipe_book.icon.autofeeder\",\"hoverEvent\":{\"action\":\"show_text\",\"contents\":[{\"translate\":\"item.acbag.autofeeder.lore1\"},{\"translate\":\"pack.acbag.new_line\"},{\"translate\":\"item.acbag.autofeeder.lore2\"}]}},{\"translate\":\"pack.acbag.new_line_triple\"},{\"translate\":\"item.acbag.recipe_book.texts.recipe\",\"color\":\"black\"},{\"translate\":\"pack.acbag.new_line_double\"},{\"translate\":\"item.acbag.recipe_book.spaces.24\"},{\"translate\":\"item.acbag.recipe_book.ingredients.golden_apple\",\"hoverEvent\":{\"action\":\"show_text\",\"contents\":[{\"translate\":\"item.minecraft.golden_apple\"}]}},{\"translate\":\"item.acbag.recipe_book.ingredients.golden_apple\",\"hoverEvent\":{\"action\":\"show_text\",\"contents\":[{\"translate\":\"item.minecraft.golden_apple\"}]}},{\"translate\":\"item.acbag.recipe_book.ingredients.golden_apple\",\"hoverEvent\":{\"action\":\"show_text\",\"contents\":[{\"translate\":\"item.minecraft.golden_apple\"}]}},{\"translate\":\"pack.acbag.new_line_double\"},{\"translate\":\"item.acbag.recipe_book.spaces.24\"},{\"translate\":\"item.acbag.recipe_book.ingredients.golden_apple\",\"hoverEvent\":{\"action\":\"show_text\",\"contents\":[{\"translate\":\"item.minecraft.golden_apple\"}]}},{\"translate\":\"item.acbag.recipe_book.ingredients.bowl\",\"hoverEvent\":{\"action\":\"show_text\",\"contents\":[{\"translate\":\"item.minecraft.bowl\"}]}},{\"translate\":\"item.acbag.recipe_book.ingredients.golden_apple\",\"hoverEvent\":{\"action\":\"show_text\",\"contents\":[{\"translate\":\"item.minecraft.golden_apple\"}]}},{\"translate\":\"pack.acbag.new_line_double\"},{\"translate\":\"item.acbag.recipe_book.spaces.24\"},{\"translate\":\"item.acbag.recipe_book.ingredients.golden_apple\",\"hoverEvent\":{\"action\":\"show_text\",\"contents\":[{\"translate\":\"item.minecraft.golden_apple\"}]}},{\"translate\":\"item.acbag.recipe_book.ingredients.golden_apple\",\"hoverEvent\":{\"action\":\"show_text\",\"contents\":[{\"translate\":\"item.minecraft.golden_apple\"}]}},{\"translate\":\"item.acbag.recipe_book.ingredients.golden_apple\",\"hoverEvent\":{\"action\":\"show_text\",\"contents\":[{\"translate\":\"item.minecraft.golden_apple\"}]}}]','[{\"text\":\"\",\"font\":\"acbag:book\",\"color\":\"white\"},{\"translate\":\"item.acbag.flame_2_enchanted_book\",\"color\":\"black\",\"bold\":true},{\"translate\":\"pack.acbag.new_line_double\"},{\"translate\":\"item.acbag.recipe_book.spaces.32\"},{\"translate\":\"item.acbag.recipe_book.icon.flame_2_enchanted_book\",\"hoverEvent\":{\"action\":\"show_text\",\"contents\":[{\"translate\":\"item.acbag.flame_2_enchanted_book.lore1\"},{\"translate\":\"pack.acbag.new_line\"},{\"translate\":\"item.acbag.flame_2_enchanted_book.lore2\"}]}},{\"translate\":\"pack.acbag.new_line_triple\"},{\"translate\":\"item.acbag.recipe_book.texts.recipe\",\"color\":\"black\"},{\"translate\":\"pack.acbag.new_line_double\"},{\"translate\":\"item.acbag.recipe_book.spaces.24\"},{\"translate\":\"item.acbag.recipe_book.ingredients.blaze_powder\",\"hoverEvent\":{\"action\":\"show_text\",\"contents\":[{\"translate\":\"item.minecraft.blaze_powder\"}]}},{\"translate\":\"item.acbag.recipe_book.ingredients.fire_charge\",\"hoverEvent\":{\"action\":\"show_text\",\"contents\":[{\"translate\":\"item.minecraft.fire_charge\"}]}},{\"translate\":\"item.acbag.recipe_book.ingredients.blaze_powder\",\"hoverEvent\":{\"action\":\"show_text\",\"contents\":[{\"translate\":\"item.minecraft.blaze_powder\"}]}},{\"translate\":\"pack.acbag.new_line_double\"},{\"translate\":\"item.acbag.recipe_book.spaces.24\"},{\"translate\":\"item.acbag.recipe_book.ingredients.fire_charge\",\"hoverEvent\":{\"action\":\"show_text\",\"contents\":[{\"translate\":\"item.minecraft.fire_charge\"}]}},{\"translate\":\"item.acbag.recipe_book.ingredients.enchanted_book\",\"hoverEvent\":{\"action\":\"show_text\",\"contents\":[{\"translate\":\"item.minecraft.enchanted_book\"},{\"translate\":\"pack.acbag.new_line\"},{\"translate\":\"enchantment.minecraft.flame\",\"color\":\"gray\"}]}},{\"translate\":\"item.acbag.recipe_book.ingredients.fire_charge\",\"hoverEvent\":{\"action\":\"show_text\",\"contents\":[{\"translate\":\"item.minecraft.fire_charge\"}]}},{\"translate\":\"pack.acbag.new_line_double\"},{\"translate\":\"item.acbag.recipe_book.spaces.24\"},{\"translate\":\"item.acbag.recipe_book.ingredients.blaze_powder\",\"hoverEvent\":{\"action\":\"show_text\",\"contents\":[{\"translate\":\"item.minecraft.blaze_powder\"}]}},{\"translate\":\"item.acbag.recipe_book.ingredients.fire_charge\",\"hoverEvent\":{\"action\":\"show_text\",\"contents\":[{\"translate\":\"item.minecraft.fire_charge\"}]}},{\"translate\":\"item.acbag.recipe_book.ingredients.blaze_powder\",\"hoverEvent\":{\"action\":\"show_text\",\"contents\":[{\"translate\":\"item.minecraft.blaze_powder\"}]}}]','[{\"text\":\"\",\"font\":\"acbag:book\",\"color\":\"white\"},{\"translate\":\"item.acbag.fleeing_artifact\",\"color\":\"black\",\"bold\":true},{\"translate\":\"pack.acbag.new_line_double\"},{\"translate\":\"item.acbag.recipe_book.spaces.32\"},{\"translate\":\"item.acbag.recipe_book.icon.fleeing_artifact\",\"hoverEvent\":{\"action\":\"show_text\",\"contents\":[{\"translate\":\"item.acbag.fleeing_artifact.lore\"}]}},{\"translate\":\"pack.acbag.new_line_triple\"},{\"translate\":\"item.acbag.recipe_book.texts.recipe\",\"color\":\"black\"},{\"translate\":\"pack.acbag.new_line_double\"},{\"translate\":\"item.acbag.recipe_book.spaces.24\"},{\"translate\":\"item.acbag.recipe_book.ingredients.sugar\",\"hoverEvent\":{\"action\":\"show_text\",\"contents\":[{\"translate\":\"item.minecraft.sugar\"}]}},{\"translate\":\"item.acbag.recipe_book.ingredients.empty\"},{\"translate\":\"item.acbag.recipe_book.ingredients.sugar\",\"hoverEvent\":{\"action\":\"show_text\",\"contents\":[{\"translate\":\"item.minecraft.sugar\"}]}},{\"translate\":\"pack.acbag.new_line_double\"},{\"translate\":\"item.acbag.recipe_book.spaces.24\"},{\"translate\":\"item.acbag.recipe_book.ingredients.leather\",\"hoverEvent\":{\"action\":\"show_text\",\"contents\":[{\"translate\":\"item.minecraft.leather\"}]}},{\"translate\":\"item.acbag.recipe_book.ingredients.rabbit_foot\",\"hoverEvent\":{\"action\":\"show_text\",\"contents\":[{\"translate\":\"item.minecraft.rabbit_foot\"}]}},{\"translate\":\"item.acbag.recipe_book.ingredients.leather\",\"hoverEvent\":{\"action\":\"show_text\",\"contents\":[{\"translate\":\"item.minecraft.leather\"}]}},{\"translate\":\"pack.acbag.new_line_double\"},{\"translate\":\"item.acbag.recipe_book.spaces.24\"},{\"translate\":\"item.acbag.recipe_book.ingredients.sugar\",\"hoverEvent\":{\"action\":\"show_text\",\"contents\":[{\"translate\":\"item.minecraft.sugar\"}]}},{\"translate\":\"item.acbag.recipe_book.ingredients.leather\",\"hoverEvent\":{\"action\":\"show_text\",\"contents\":[{\"translate\":\"item.minecraft.leather\"}]}},{\"translate\":\"item.acbag.recipe_book.ingredients.sugar\",\"hoverEvent\":{\"action\":\"show_text\",\"contents\":[{\"translate\":\"item.minecraft.sugar\"}]}}]','[{\"text\":\"\",\"font\":\"acbag:book\",\"color\":\"white\"},{\"translate\":\"item.acbag.portable_freezer\",\"color\":\"black\",\"bold\":true},{\"translate\":\"pack.acbag.new_line_double\"},{\"translate\":\"item.acbag.recipe_book.spaces.32\"},{\"translate\":\"item.acbag.recipe_book.icon.portable_freezer\",\"hoverEvent\":{\"action\":\"show_text\",\"contents\":[{\"translate\":\"item.acbag.portable_freezer.lore1\"},{\"translate\":\"pack.acbag.new_line\"},{\"translate\":\"item.acbag.portable_freezer.lore2\"}]}},{\"translate\":\"pack.acbag.new_line_triple\"},{\"translate\":\"item.acbag.recipe_book.texts.recipe\",\"color\":\"black\"},{\"translate\":\"pack.acbag.new_line_double\"},{\"translate\":\"item.acbag.recipe_book.spaces.24\"},{\"translate\":\"item.acbag.recipe_book.ingredients.iron_ingot\",\"hoverEvent\":{\"action\":\"show_text\",\"contents\":[{\"translate\":\"item.minecraft.iron_ingot\"}]}},{\"translate\":\"item.acbag.recipe_book.ingredients.iron_ingot\",\"hoverEvent\":{\"action\":\"show_text\",\"contents\":[{\"translate\":\"item.minecraft.iron_ingot\"}]}},{\"translate\":\"item.acbag.recipe_book.ingredients.iron_ingot\",\"hoverEvent\":{\"action\":\"show_text\",\"contents\":[{\"translate\":\"item.minecraft.iron_ingot\"}]}},{\"translate\":\"pack.acbag.new_line_double\"},{\"translate\":\"item.acbag.recipe_book.spaces.24\"},{\"translate\":\"item.acbag.recipe_book.ingredients.ice\",\"hoverEvent\":{\"action\":\"show_text\",\"contents\":[{\"translate\":\"block.minecraft.ice\"}]}},{\"translate\":\"item.acbag.recipe_book.ingredients.empty\"},{\"translate\":\"item.acbag.recipe_book.ingredients.ice\",\"hoverEvent\":{\"action\":\"show_text\",\"contents\":[{\"translate\":\"block.minecraft.ice\"}]}},{\"translate\":\"pack.acbag.new_line_double\"},{\"translate\":\"item.acbag.recipe_book.spaces.24\"},{\"translate\":\"item.acbag.recipe_book.ingredients.packed_ice\",\"hoverEvent\":{\"action\":\"show_text\",\"contents\":[{\"translate\":\"block.minecraft.packed_ice\"}]}},{\"translate\":\"item.acbag.recipe_book.ingredients.iron_block\",\"hoverEvent\":{\"action\":\"show_text\",\"contents\":[{\"translate\":\"block.minecraft.iron_block\"}]}},{\"translate\":\"item.acbag.recipe_book.ingredients.packed_ice\",\"hoverEvent\":{\"action\":\"show_text\",\"contents\":[{\"translate\":\"block.minecraft.packed_ice\"}]}}]','[{\"text\":\"\",\"font\":\"acbag:book\",\"color\":\"white\"},{\"translate\":\"item.acbag.golden_fermented_spider_eye\",\"color\":\"black\",\"bold\":true},{\"translate\":\"pack.acbag.new_line_double\"},{\"translate\":\"item.acbag.recipe_book.spaces.32\"},{\"translate\":\"item.acbag.recipe_book.icon.golden_fermented_spider_eye\",\"hoverEvent\":{\"action\":\"show_text\",\"contents\":[{\"translate\":\"item.acbag.golden_fermented_spider_eye.lore1\"},{\"translate\":\"pack.acbag.new_line\"},{\"translate\":\"item.acbag.golden_fermented_spider_eye.lore2\"}]}},{\"translate\":\"pack.acbag.new_line_triple\"},{\"translate\":\"item.acbag.recipe_book.texts.recipe\",\"color\":\"black\"},{\"translate\":\"pack.acbag.new_line_double\"},{\"translate\":\"item.acbag.recipe_book.spaces.24\"},{\"translate\":\"item.acbag.recipe_book.ingredients.gilded_blackstone\",\"hoverEvent\":{\"action\":\"show_text\",\"contents\":[{\"translate\":\"block.minecraft.gilded_blackstone\"}]}},{\"translate\":\"item.acbag.recipe_book.ingredients.gold_block\",\"hoverEvent\":{\"action\":\"show_text\",\"contents\":[{\"translate\":\"block.minecraft.gold_block\"}]}},{\"translate\":\"item.acbag.recipe_book.ingredients.gilded_blackstone\",\"hoverEvent\":{\"action\":\"show_text\",\"contents\":[{\"translate\":\"block.minecraft.gilded_blackstone\"}]}},{\"translate\":\"pack.acbag.new_line_double\"},{\"translate\":\"item.acbag.recipe_book.spaces.24\"},{\"translate\":\"item.acbag.recipe_book.ingredients.gold_block\",\"hoverEvent\":{\"action\":\"show_text\",\"contents\":[{\"translate\":\"block.minecraft.gold_block\"}]}},{\"translate\":\"item.acbag.recipe_book.ingredients.fermented_spider_eye\",\"hoverEvent\":{\"action\":\"show_text\",\"contents\":[{\"translate\":\"item.minecraft.fermented_spider_eye\"}]}},{\"translate\":\"item.acbag.recipe_book.ingredients.gold_block\",\"hoverEvent\":{\"action\":\"show_text\",\"contents\":[{\"translate\":\"block.minecraft.gold_block\"}]}},{\"translate\":\"pack.acbag.new_line_double\"},{\"translate\":\"item.acbag.recipe_book.spaces.24\"},{\"translate\":\"item.acbag.recipe_book.ingredients.gilded_blackstone\",\"hoverEvent\":{\"action\":\"show_text\",\"contents\":[{\"translate\":\"block.minecraft.gilded_blackstone\"}]}},{\"translate\":\"item.acbag.recipe_book.ingredients.gold_block\",\"hoverEvent\":{\"action\":\"show_text\",\"contents\":[{\"translate\":\"block.minecraft.gold_block\"}]}},{\"translate\":\"item.acbag.recipe_book.ingredients.gilded_blackstone\",\"hoverEvent\":{\"action\":\"show_text\",\"contents\":[{\"translate\":\"block.minecraft.gilded_blackstone\"}]}}]','[{\"text\":\"\",\"font\":\"acbag:book\",\"color\":\"white\"},{\"translate\":\"item.acbag.tar_dispenser\",\"color\":\"black\",\"bold\":true},{\"translate\":\"pack.acbag.new_line_double\"},{\"translate\":\"item.acbag.recipe_book.spaces.32\"},{\"translate\":\"item.acbag.recipe_book.icon.tar_dispenser\",\"hoverEvent\":{\"action\":\"show_text\",\"contents\":[{\"translate\":\"item.acbag.tar_dispenser.lore1\"},{\"translate\":\"pack.acbag.new_line\"},{\"translate\":\"item.acbag.tar_dispenser.lore2\"},{\"translate\":\"pack.acbag.new_line\"},{\"translate\":\"item.acbag.tar_dispenser.lore3\"},{\"translate\":\"pack.acbag.new_line\"},{\"translate\":\"item.acbag.tar_dispenser.lore4\"}]}},{\"translate\":\"pack.acbag.new_line_triple\"},{\"translate\":\"item.acbag.recipe_book.texts.recipe\",\"color\":\"black\"},{\"translate\":\"pack.acbag.new_line_double\"},{\"translate\":\"item.acbag.recipe_book.spaces.24\"},{\"translate\":\"item.acbag.recipe_book.ingredients.coal_block\",\"hoverEvent\":{\"action\":\"show_text\",\"contents\":[{\"translate\":\"block.minecraft.coal_block\"}]}},{\"translate\":\"item.acbag.recipe_book.ingredients.coal_block\",\"hoverEvent\":{\"action\":\"show_text\",\"contents\":[{\"translate\":\"block.minecraft.coal_block\"}]}},{\"translate\":\"item.acbag.recipe_book.ingredients.coal_block\",\"hoverEvent\":{\"action\":\"show_text\",\"contents\":[{\"translate\":\"block.minecraft.coal_block\"}]}},{\"translate\":\"pack.acbag.new_line_double\"},{\"translate\":\"item.acbag.recipe_book.spaces.24\"},{\"translate\":\"item.acbag.recipe_book.ingredients.coal_block\",\"hoverEvent\":{\"action\":\"show_text\",\"contents\":[{\"translate\":\"block.minecraft.coal_block\"}]}},{\"translate\":\"item.acbag.recipe_book.ingredients.jar\",\"hoverEvent\":{\"action\":\"show_text\",\"contents\":[{\"translate\":\"item.acbag.jar\"}]}},{\"translate\":\"item.acbag.recipe_book.ingredients.coal_block\",\"hoverEvent\":{\"action\":\"show_text\",\"contents\":[{\"translate\":\"block.minecraft.coal_block\"}]}},{\"translate\":\"pack.acbag.new_line_double\"},{\"translate\":\"item.acbag.recipe_book.spaces.24\"},{\"translate\":\"item.acbag.recipe_book.ingredients.coal_block\",\"hoverEvent\":{\"action\":\"show_text\",\"contents\":[{\"translate\":\"block.minecraft.coal_block\"}]}},{\"translate\":\"item.acbag.recipe_book.ingredients.coal_block\",\"hoverEvent\":{\"action\":\"show_text\",\"contents\":[{\"translate\":\"block.minecraft.coal_block\"}]}},{\"translate\":\"item.acbag.recipe_book.ingredients.coal_block\",\"hoverEvent\":{\"action\":\"show_text\",\"contents\":[{\"translate\":\"block.minecraft.coal_block\"}]}}]','[{\"text\":\"\",\"font\":\"acbag:book\",\"color\":\"white\"},{\"translate\":\"item.acbag.frozen_turtle_shell\",\"color\":\"black\",\"bold\":true},{\"translate\":\"pack.acbag.new_line_double\"},{\"translate\":\"item.acbag.recipe_book.spaces.32\"},{\"translate\":\"item.acbag.recipe_book.icon.frozen_turtle_shell\",\"hoverEvent\":{\"action\":\"show_text\",\"contents\":[{\"translate\":\"item.acbag.frozen_turtle_shell.lore1\"},{\"translate\":\"pack.acbag.new_line\"},{\"translate\":\"item.acbag.frozen_turtle_shell.lore2\"}]}},{\"translate\":\"pack.acbag.new_line_triple\"},{\"translate\":\"item.acbag.recipe_book.texts.recipe\",\"color\":\"black\"},{\"translate\":\"pack.acbag.new_line_double\"},{\"translate\":\"item.acbag.recipe_book.spaces.24\"},{\"translate\":\"item.acbag.recipe_book.ingredients.blue_ice\",\"hoverEvent\":{\"action\":\"show_text\",\"contents\":[{\"translate\":\"block.minecraft.blue_ice\"}]}},{\"translate\":\"item.acbag.recipe_book.ingredients.blue_ice\",\"hoverEvent\":{\"action\":\"show_text\",\"contents\":[{\"translate\":\"block.minecraft.blue_ice\"}]}},{\"translate\":\"item.acbag.recipe_book.ingredients.blue_ice\",\"hoverEvent\":{\"action\":\"show_text\",\"contents\":[{\"translate\":\"block.minecraft.blue_ice\"}]}},{\"translate\":\"pack.acbag.new_line_double\"},{\"translate\":\"item.acbag.recipe_book.spaces.24\"},{\"translate\":\"item.acbag.recipe_book.ingredients.blue_ice\",\"hoverEvent\":{\"action\":\"show_text\",\"contents\":[{\"translate\":\"block.minecraft.blue_ice\"}]}},{\"translate\":\"item.acbag.recipe_book.ingredients.scute\",\"hoverEvent\":{\"action\":\"show_text\",\"contents\":[{\"translate\":\"item.minecraft.scute\"}]}},{\"translate\":\"item.acbag.recipe_book.ingredients.blue_ice\",\"hoverEvent\":{\"action\":\"show_text\",\"contents\":[{\"translate\":\"block.minecraft.blue_ice\"}]}},{\"translate\":\"pack.acbag.new_line_double\"},{\"translate\":\"item.acbag.recipe_book.spaces.24\"},{\"translate\":\"item.acbag.recipe_book.ingredients.blue_ice\",\"hoverEvent\":{\"action\":\"show_text\",\"contents\":[{\"translate\":\"block.minecraft.blue_ice\"}]}},{\"translate\":\"item.acbag.recipe_book.ingredients.blue_ice\",\"hoverEvent\":{\"action\":\"show_text\",\"contents\":[{\"translate\":\"block.minecraft.blue_ice\"}]}},{\"translate\":\"item.acbag.recipe_book.ingredients.blue_ice\",\"hoverEvent\":{\"action\":\"show_text\",\"contents\":[{\"translate\":\"block.minecraft.blue_ice\"}]}}]','[{\"text\":\"\",\"font\":\"acbag:book\",\"color\":\"white\"},{\"translate\":\"item.acbag.cactus_concoction\",\"color\":\"black\",\"bold\":true},{\"translate\":\"pack.acbag.new_line_double\"},{\"translate\":\"item.acbag.recipe_book.spaces.32\"},{\"translate\":\"item.acbag.recipe_book.icon.cactus_concoction\",\"hoverEvent\":{\"action\":\"show_text\",\"contents\":[{\"translate\":\"item.acbag.cactus_concoction.lore1\"},{\"translate\":\"pack.acbag.new_line\"},{\"translate\":\"item.acbag.cactus_concoction.lore2\"}]}},{\"translate\":\"pack.acbag.new_line_triple\"},{\"translate\":\"item.acbag.recipe_book.texts.recipe\",\"color\":\"black\"},{\"translate\":\"pack.acbag.new_line_double\"},{\"translate\":\"item.acbag.recipe_book.spaces.24\"},{\"translate\":\"item.acbag.recipe_book.ingredients.cactus\",\"hoverEvent\":{\"action\":\"show_text\",\"contents\":[{\"translate\":\"block.minecraft.cactus\"}]}},{\"translate\":\"item.acbag.recipe_book.ingredients.cactus\",\"hoverEvent\":{\"action\":\"show_text\",\"contents\":[{\"translate\":\"block.minecraft.cactus\"}]}},{\"translate\":\"item.acbag.recipe_book.ingredients.cactus\",\"hoverEvent\":{\"action\":\"show_text\",\"contents\":[{\"translate\":\"block.minecraft.cactus\"}]}},{\"translate\":\"pack.acbag.new_line_double\"},{\"translate\":\"item.acbag.recipe_book.spaces.24\"},{\"translate\":\"item.acbag.recipe_book.ingredients.cactus\",\"hoverEvent\":{\"action\":\"show_text\",\"contents\":[{\"translate\":\"block.minecraft.cactus\"}]}},{\"translate\":\"item.acbag.recipe_book.ingredients.glass_bottle\",\"hoverEvent\":{\"action\":\"show_text\",\"contents\":[{\"translate\":\"item.minecraft.glass_bottle\"}]}},{\"translate\":\"item.acbag.recipe_book.ingredients.cactus\",\"hoverEvent\":{\"action\":\"show_text\",\"contents\":[{\"translate\":\"block.minecraft.cactus\"}]}},{\"translate\":\"pack.acbag.new_line_double\"},{\"translate\":\"item.acbag.recipe_book.spaces.24\"},{\"translate\":\"item.acbag.recipe_book.ingredients.cactus\",\"hoverEvent\":{\"action\":\"show_text\",\"contents\":[{\"translate\":\"block.minecraft.cactus\"}]}},{\"translate\":\"item.acbag.recipe_book.ingredients.cactus\",\"hoverEvent\":{\"action\":\"show_text\",\"contents\":[{\"translate\":\"block.minecraft.cactus\"}]}},{\"translate\":\"item.acbag.recipe_book.ingredients.cactus\",\"hoverEvent\":{\"action\":\"show_text\",\"contents\":[{\"translate\":\"block.minecraft.cactus\"}]}}]']}"
            },
            {
              "function":"minecraft:set_name",
              "name":{
                "translate":"item.acbag.recipe_book",
                "color":"light_purple",
                "italic":false
              }
            }
          ]
        }
      ]
    }
  ]
}