{
  "pools": [
    {
      "rolls": 1,
      "entries": [
        {
          "type": "minecraft:item",
          "name": "minecraft:player_head"
        }
      ],
      "functions": [
        {
          "function": "minecraft:set_lore",
          "lore": [
            {
              "translate": "item.acbag.class",
              "with": [
                {
                  "text": "3",
                  "color": "gold"
                }
              ],
              "color": "gray",
              "italic": false
            },
            {
              "text": ""
            },
            {
              "translate": "item.acbag.obsidian_core.lore1",
              "color": "white",
              "italic": false
            },
            {
              "translate": "item.acbag.obsidian_core.lore2",
              "color": "white",
              "italic": false
            }
          ]
        },
        {
          "function": "minecraft:set_nbt",
          "tag": "{CanDestroy:[\"#acbag:mineable\"],HideFlags:127,ctc:{id:\"obsidian_core\",from:\"asdru:accessory_bag\"},acbag:{identifier:1b,Accessory:{Class:3,trigger:\"Location\"}},SkullOwner:{Id:[I;-2079262320,-104054159,-1110888886,-482789135],Properties:{textures:[{Value:\"eyJ0ZXh0dXJlcyI6eyJTS0lOIjp7InVybCI6Imh0dHA6Ly90ZXh0dXJlcy5taW5lY3JhZnQubmV0L3RleHR1cmUvZDFjODc0NTRmMWVlNTg1YjkwZmRiM2EzZTQwOTUyYTVjMmY4MGMwYTQ5ZGZlYzYyODcwZmRmZjE4Mzk2N2E4NCJ9fX0=\"}]}}}"
        },
        {
          "function": "minecraft:set_name",
          "name": {
            "translate": "item.acbag.obsidian_core",
            "color": "#9EFFE8",
            "italic": false
          }
        }
      ]
    }
  ]
}