{
  "pools": [
    {
      "rolls": 1,
      "entries": [
        {
          "type": "minecraft:item",
          "name": "minecraft:player_head"
        }
      ],
      "functions": [
        {
          "function": "minecraft:set_lore",
          "lore": [
            {
              "translate": "item.acbag.class",
              "with": [
                {
                  "text": "3",
                  "color": "gold"
                }
              ],
              "color": "gray",
              "italic": false
            },
            {
              "text": ""
            },
            {
              "translate": "item.acbag.portable_freezer.lore1",
              "color": "white",
              "italic": false
            },
            {
              "translate": "item.acbag.portable_freezer.lore2",
              "color": "white",
              "italic": false
            }
          ]
        },
        {
          "function": "minecraft:set_nbt",
          "tag": "{CanDestroy:[\"#acbag:mineable\"],HideFlags:127,ctc:{id:\"portable_freezer\",from:\"asdru:accessory_bag\"},acbag:{identifier:1b,Accessory:{Class:3,trigger:\"On Hit\"}},SkullOwner:{Id:[I;-823596008,-369079207,-1303543157,-568821849],Properties:{textures:[{Value:\"eyJ0ZXh0dXJlcyI6eyJTS0lOIjp7InVybCI6Imh0dHA6Ly90ZXh0dXJlcy5taW5lY3JhZnQubmV0L3RleHR1cmUvOGEyNmNkMDU1ZjhiOTY3NmQxMmI5Nzg3MGY5YjA5OGMyN2MxNTM0Y2ZhYjhmYzQ1NTJjZTIxOWUxOTU1OTI1YiJ9fX0=\"}]}}}"
        },
        {
          "function": "minecraft:set_name",
          "name": {
            "translate": "item.acbag.portable_freezer",
            "color": "#9EFFE8",
            "italic": false
          }
        }
      ]
    }
  ]
}