{
  "pools": [
    {
      "rolls": 1,
      "entries": [
        {
          "type": "minecraft:item",
          "name": "minecraft:player_head"
        }
      ],
      "functions": [
        {
          "function": "minecraft:set_lore",
          "lore": [
            {
              "translate": "item.acbag.class",
              "with": [
                {
                  "text": "3",
                  "color": "gold"
                }
              ],
              "color": "gray",
              "italic": false
            },
            {
              "text": ""
            },
            {
              "translate": "item.acbag.star_dial.lore1",
              "color": "white",
              "italic": false
            },
            {
              "translate": "item.acbag.star_dial.lore2",
              "color": "white",
              "italic": false
            }
          ]
        },
        {
          "function": "minecraft:set_nbt",
          "tag": "{CanDestroy:[\"#acbag:mineable\"],HideFlags:127,ctc:{id:\"star_dial\",from:\"asdru:accessory_bag\"},acbag:{identifier:1b,Accessory:{Class:3,trigger:\"Astrolite\"}},SkullOwner:{Id:[I;-497262744,1908819480,-1557314868,888921618],Properties:{textures:[{Value:\"eyJ0ZXh0dXJlcyI6eyJTS0lOIjp7InVybCI6Imh0dHA6Ly90ZXh0dXJlcy5taW5lY3JhZnQubmV0L3RleHR1cmUvNzc0MDBlYTE5ZGJkODRmNzVjMzlhZDY4MjNhYzRlZjc4NmYzOWY0OGZjNmY4NDYwMjM2NmFjMjliODM3NDIyIn19fQ==\"}]}}}"
        },
        {
          "function": "minecraft:set_name",
          "name": {
            "translate": "item.acbag.star_dial",
            "color": "#9EFFE8",
            "italic": false
          }
        }
      ]
    }
  ]
}