{
  "pools": [
    {
      "rolls": 1,
      "entries": [
        {
          "type": "minecraft:item",
          "name": "minecraft:player_head"
        }
      ],
      "functions": [
        {
          "function": "minecraft:set_lore",
          "lore": [
            {
              "translate": "item.acbag.class",
              "with": [
                {
                  "text": "2",
                  "color": "blue"
                }
              ],
              "color": "gray",
              "italic": false
            },
            {
              "text": ""
            },
            {
              "translate": "item.acbag.tar_dispenser.lore1",
              "color": "white",
              "italic": false
            },
            {
              "translate": "item.acbag.tar_dispenser.lore2",
              "color": "white",
              "italic": false
            },
            {
              "translate": "item.acbag.tar_dispenser.lore3",
              "color": "white",
              "italic": false
            },
            {
              "translate": "item.acbag.tar_dispenser.lore4",
              "color": "white",
              "italic": false
            }
          ]
        },
        {
          "function": "minecraft:set_nbt",
          "tag": "{CanDestroy:[\"#acbag:mineable\"],HideFlags:127,ctc:{id:\"tar_dispenser\",from:\"asdru:accessory_bag\"},acbag:{identifier:1b,Accessory:{Class:2,trigger:\"Other\"}},SkullOwner:{Id:[I;-1170374188,1443973836,-2146497232,-1027943369],Properties:{textures:[{Value:\"eyJ0ZXh0dXJlcyI6eyJTS0lOIjp7InVybCI6Imh0dHA6Ly90ZXh0dXJlcy5taW5lY3JhZnQubmV0L3RleHR1cmUvY2JjN2E3YjZkYTYzMWQxYmY4OWNhZjJmZjkwMDg5MDQ2YzFiN2RmYzY4Y2I2Y2ZhOTM0ZDk0ZTRjZDI2YmNkZCJ9fX0=\"}]}}}"
        },
        {
          "function": "minecraft:set_name",
          "name": {
            "translate": "item.acbag.tar_dispenser",
            "color": "#9EFFE8",
            "italic": false
          }
        },
        {
          "function": "minecraft:set_attributes",
          "modifiers": [
            {
              "attribute": "minecraft:generic.flying_speed",
              "name": "",
              "amount": 0,
              "operation": "addition",
              "slot": "head"
            }
          ]
        }
      ]
    }
  ]
}