{
  "pools": [
    {
      "rolls": 1,
      "entries": [
        {
          "type": "minecraft:item",
          "name": "minecraft:player_head"
        }
      ],
      "functions": [
        {
          "function": "minecraft:set_lore",
          "lore": [
            {
              "translate": "item.acbag.class",
              "with": [
                {
                  "text": "3",
                  "color": "gold"
                }
              ],
              "color": "gray",
              "italic": false
            },
            {
              "text": ""
            },
            {
              "translate": "item.acbag.villager_sigil.lore1",
              "color": "white",
              "italic": false
            },
            {
              "translate": "item.acbag.villager_sigil.lore2",
              "color": "white",
              "italic": false
            }
          ]
        },
        {
          "function": "minecraft:set_nbt",
          "tag": "{CanDestroy:[\"#acbag:mineable\"],HideFlags:127,ctc:{id:\"villager_sigil\",from:\"asdru:accessory_bag\"},acbag:{identifier:1b,Accessory:{Class:3,trigger:\"Villager Trade\"}},SkullOwner:{Id:[I;1698245598,1484081592,-1732489497,-541779841],Properties:{textures:[{Value:\"eyJ0ZXh0dXJlcyI6eyJTS0lOIjp7InVybCI6Imh0dHA6Ly90ZXh0dXJlcy5taW5lY3JhZnQubmV0L3RleHR1cmUvN2RiYTEwYTA3MjZiOGI2ZmZhYWVjMjY4YWRjMDE1MDBkY2RjMzkzYWQwMzliZWQ2YTQzYWRiYzQzZjcxMmNmNCJ9fX0=\"}]}}}"
        },
        {
          "function": "minecraft:set_name",
          "name": {
            "translate": "item.acbag.villager_sigil",
            "color": "#9EFFE8",
            "italic": false
          }
        }
      ]
    }
  ]
}